market_code,funding_rate,timestamp,collection_time
100000BABYDOGE-USD-SWAP-LIN,9e-06,2025-05-29 02:00:12,2025-05-29 02:02:57
100000BABYDOGE-USD-SWAP-LIN,8e-06,2025-05-29 03:00:13,2025-05-29 03:25:28
100000BABYDOGE-USD-SWAP-LIN,1e-05,2025-05-29 04:00:12,2025-05-29 04:39:07
100000JAGER-USD-SWAP-LIN,-0.000383,2025-05-29 02:00:23,2025-05-29 02:13:31
100000JAGER-USD-SWAP-LIN,-3.5e-05,2025-05-29 03:00:24,2025-05-29 03:36:02
100000JAGER-USD-SWAP-LIN,-0.000308,2025-05-29 04:00:23,2025-05-29 04:49:45
10000CAW-USD-SWAP-LIN,-3e-06,2025-05-29 02:00:11,2025-05-29 02:01:16
10000CAW-USD-SWAP-LIN,8e-06,2025-05-29 03:00:12,2025-05-29 03:23:48
10000CAW-USD-SWAP-LIN,-4e-06,2025-05-29 04:00:11,2025-05-29 04:37:26
1000ANDY-USD-SWAP-LIN,7e-05,2025-05-29 01:00:09,2025-05-29 01:59:41
1000ANDY-USD-SWAP-LIN,8.9e-05,2025-05-29 03:00:11,2025-05-29 03:22:15
1000ANDY-USD-SWAP-LIN,8.9e-05,2025-05-29 04:00:09,2025-05-29 04:35:53
1000BOBO-USD-SWAP-LIN,5.4e-05,2025-05-29 02:00:10,2025-05-29 02:00:31
1000BOBO-USD-SWAP-LIN,6.1e-05,2025-05-29 03:00:11,2025-05-29 03:23:05
1000BOBO-USD-SWAP-LIN,6e-05,2025-05-29 04:00:10,2025-05-29 04:36:44
1000BONK-USD-SWAP-LIN,-1.5e-05,2025-05-29 01:00:09,2025-05-29 01:59:26
1000BONK-USD-SWAP-LIN,-7e-06,2025-05-29 03:00:10,2025-05-29 03:22:00
1000BONK-USD-SWAP-LIN,2e-06,2025-05-29 04:00:09,2025-05-29 04:35:39
1000CAT-USD-SWAP-LIN,0.0,2025-05-29 02:00:11,2025-05-29 02:01:58
1000CAT-USD-SWAP-LIN,1e-06,2025-05-29 03:00:13,2025-05-29 03:24:31
1000CAT-USD-SWAP-LIN,1e-06,2025-05-29 04:00:11,2025-05-29 04:38:10
1000CHEEMS-USD-SWAP-LIN,2e-06,2025-05-29 02:00:12,2025-05-29 02:03:07
1000CHEEMS-USD-SWAP-LIN,1e-06,2025-05-29 03:00:13,2025-05-29 03:25:39
1000CHEEMS-USD-SWAP-LIN,1e-06,2025-05-29 04:00:12,2025-05-29 04:39:18
1000COQ-USD-SWAP-LIN,-2e-06,2025-05-29 01:00:09,2025-05-29 01:59:45
1000COQ-USD-SWAP-LIN,4e-06,2025-05-29 03:00:11,2025-05-29 03:22:18
1000COQ-USD-SWAP-LIN,-2e-06,2025-05-29 04:00:09,2025-05-29 04:35:57
1000FLOKI-USD-SWAP-LIN,-1.5e-05,2025-05-29 01:00:09,2025-05-29 01:59:38
1000FLOKI-USD-SWAP-LIN,-1.6e-05,2025-05-29 03:00:10,2025-05-29 03:22:12
1000FLOKI-USD-SWAP-LIN,-9e-06,2025-05-29 04:00:09,2025-05-29 04:35:50
1000LUNC-USD-SWAP-LIN,3e-06,2025-05-29 01:00:05,2025-05-29 01:55:46
1000LUNC-USD-SWAP-LIN,1e-06,2025-05-29 03:00:05,2025-05-29 03:18:18
1000LUNC-USD-SWAP-LIN,4e-06,2025-05-29 04:00:05,2025-05-29 04:31:58
1000MOG-USD-SWAP-LIN,3.4e-05,2025-05-29 01:00:05,2025-05-29 01:56:25
1000MOG-USD-SWAP-LIN,2.1e-05,2025-05-29 03:00:06,2025-05-29 03:18:59
1000MOG-USD-SWAP-LIN,2.3e-05,2025-05-29 04:00:05,2025-05-29 04:32:38
1000NEIRO1ETH-USD-SWAP-LIN,1e-06,2025-05-29 02:00:11,2025-05-29 02:01:45
1000NEIRO1ETH-USD-SWAP-LIN,-1e-06,2025-05-29 03:00:12,2025-05-29 03:24:17
1000NEIRO1ETH-USD-SWAP-LIN,1e-06,2025-05-29 04:00:11,2025-05-29 04:37:55
1000PEPE-USD-SWAP-LIN,-5e-06,2025-05-29 01:00:05,2025-05-29 01:56:29
1000PEPE-USD-SWAP-LIN,-1e-06,2025-05-29 03:00:06,2025-05-29 03:19:02
1000PEPE-USD-SWAP-LIN,4e-06,2025-05-29 04:00:06,2025-05-29 04:32:42
1000PORK-USD-SWAP-LIN,2e-06,2025-05-29 02:00:11,2025-05-29 02:02:05
1000PORK-USD-SWAP-LIN,1.1e-05,2025-05-29 03:00:13,2025-05-29 03:24:38
1000PORK-USD-SWAP-LIN,6e-06,2025-05-29 04:00:12,2025-05-29 04:38:17
1000SATS-USD-SWAP-LIN,-2.4e-05,2025-05-29 02:00:12,2025-05-29 02:02:27
1000SATS-USD-SWAP-LIN,-1.8e-05,2025-05-29 03:00:13,2025-05-29 03:25:00
1000SATS-USD-SWAP-LIN,3e-06,2025-05-29 04:00:12,2025-05-29 04:38:39
1000SHIB-USD-SWAP-LIN,-1.5e-05,2025-05-29 01:00:09,2025-05-29 01:59:34
1000SHIB-USD-SWAP-LIN,-9e-06,2025-05-29 03:00:10,2025-05-29 03:22:08
1000SHIB-USD-SWAP-LIN,-5e-06,2025-05-29 04:00:09,2025-05-29 04:35:46
1000TOSHI-USD-SWAP-LIN,-9e-06,2025-05-29 02:00:11,2025-05-29 02:01:13
1000TOSHI-USD-SWAP-LIN,-1.2e-05,2025-05-29 03:00:12,2025-05-29 03:23:45
1000TOSHI-USD-SWAP-LIN,-9e-06,2025-05-29 04:00:11,2025-05-29 04:37:23
1000USA-USD-SWAP-LIN,9.4e-05,2025-05-29 02:00:11,2025-05-29 02:01:05
1000USA-USD-SWAP-LIN,9.6e-05,2025-05-29 03:00:12,2025-05-29 03:23:38
1000USA-USD-SWAP-LIN,0.000104,2025-05-29 04:00:11,2025-05-29 04:37:15
1000WEN-USD-SWAP-LIN,4e-06,2025-05-29 02:00:10,2025-05-29 02:00:35
1000WEN-USD-SWAP-LIN,-1.3e-05,2025-05-29 03:00:12,2025-05-29 03:23:08
1000WEN-USD-SWAP-LIN,1.3e-05,2025-05-29 04:00:10,2025-05-29 04:36:48
1000WHY-USD-SWAP-LIN,0.0,2025-05-29 02:00:11,2025-05-29 02:01:09
1000WHY-USD-SWAP-LIN,1e-06,2025-05-29 03:00:12,2025-05-29 03:23:41
1000WHY-USD-SWAP-LIN,-1e-06,2025-05-29 04:00:11,2025-05-29 04:37:19
1000WUF-USD-SWAP-LIN,1e-06,2025-05-29 02:00:11,2025-05-29 02:01:37
1000WUF-USD-SWAP-LIN,5e-06,2025-05-29 03:00:12,2025-05-29 03:24:10
1000WUF-USD-SWAP-LIN,-2.4e-05,2025-05-29 04:00:11,2025-05-29 04:37:48
AAVE-USD-SWAP-LIN,-1.3e-05,2025-05-29 01:00:07,2025-05-29 01:56:47
AAVE-USD-SWAP-LIN,-4e-06,2025-05-29 03:00:08,2025-05-29 03:19:20
AAVE-USD-SWAP-LIN,-1e-06,2025-05-29 04:00:07,2025-05-29 04:33:00
ACE-USD-SWAP-LIN,-2e-05,2025-05-29 01:00:05,2025-05-29 01:56:14
ACE-USD-SWAP-LIN,-2.8e-05,2025-05-29 03:00:06,2025-05-29 03:18:47
ACE-USD-SWAP-LIN,-2.5e-05,2025-05-29 04:00:05,2025-05-29 04:32:28
ACT-USD-SWAP-LIN,-3e-06,2025-05-29 02:00:13,2025-05-29 02:03:43
ACT-USD-SWAP-LIN,-6e-06,2025-05-29 03:00:14,2025-05-29 03:26:15
ACT-USD-SWAP-LIN,-2e-06,2025-05-29 04:00:13,2025-05-29 04:39:54
ACX-USD-SWAP-LIN,-3.5e-05,2025-05-29 02:00:17,2025-05-29 02:07:50
ACX-USD-SWAP-LIN,-4.8e-05,2025-05-29 03:00:18,2025-05-29 03:30:19
ACX-USD-SWAP-LIN,-5.2e-05,2025-05-29 04:00:17,2025-05-29 04:44:00
ADA-USD-SWAP-LIN,-1.9e-05,2025-05-29 01:00:03,2025-05-29 01:53:40
ADA-USD-SWAP-LIN,-9e-06,2025-05-29 03:00:03,2025-05-29 03:16:12
ADA-USD-SWAP-LIN,-6e-06,2025-05-29 04:00:03,2025-05-29 04:29:53
AERO-USD-SWAP-LIN,1e-06,2025-05-29 01:00:09,2025-05-29 01:58:50
AERO-USD-SWAP-LIN,0.0,2025-05-29 03:00:10,2025-05-29 03:21:23
AERO-USD-SWAP-LIN,1e-06,2025-05-29 04:00:08,2025-05-29 04:35:04
AEVO-USD-SWAP-LIN,-1.9e-05,2025-05-29 01:00:08,2025-05-29 01:58:36
AEVO-USD-SWAP-LIN,-9e-06,2025-05-29 03:00:10,2025-05-29 03:21:09
AEVO-USD-SWAP-LIN,-1.2e-05,2025-05-29 04:00:08,2025-05-29 04:34:49
AGLD-USD-SWAP-LIN,-1e-06,2025-05-29 02:00:14,2025-05-29 02:04:34
AGLD-USD-SWAP-LIN,0.0,2025-05-29 03:00:15,2025-05-29 03:27:05
AGLD-USD-SWAP-LIN,0.0,2025-05-29 04:00:14,2025-05-29 04:40:44
AI16Z-USD-SWAP-LIN,1.1e-05,2025-05-29 02:00:15,2025-05-29 02:06:12
AI16Z-USD-SWAP-LIN,9e-06,2025-05-29 03:00:16,2025-05-29 03:28:42
AI16Z-USD-SWAP-LIN,1.2e-05,2025-05-29 04:00:15,2025-05-29 04:42:21
AIMEMECOIN-USD-SWAP-LIN,2e-06,2025-05-29 02:00:15,2025-05-29 02:05:43
AIMEMECOIN-USD-SWAP-LIN,-1e-06,2025-05-29 03:00:16,2025-05-29 03:28:13
AIMEMECOIN-USD-SWAP-LIN,6e-06,2025-05-29 04:00:14,2025-05-29 04:41:53
AIXBT-USD-SWAP-LIN,-4e-06,2025-05-29 02:00:15,2025-05-29 02:05:54
AIXBT-USD-SWAP-LIN,-5e-06,2025-05-29 03:00:16,2025-05-29 03:28:23
AIXBT-USD-SWAP-LIN,-4e-06,2025-05-29 04:00:15,2025-05-29 04:42:03
ALCH-USD-SWAP-LIN,1.2e-05,2025-05-29 02:00:16,2025-05-29 02:06:37
ALCH-USD-SWAP-LIN,8e-06,2025-05-29 03:00:17,2025-05-29 03:29:07
ALCH-USD-SWAP-LIN,1.3e-05,2025-05-29 04:00:16,2025-05-29 04:42:47
ALGO-USD-SWAP-LIN,0.0,2025-05-29 02:00:16,2025-05-29 02:07:03
ALGO-USD-SWAP-LIN,1e-06,2025-05-29 03:00:17,2025-05-29 03:29:32
ALGO-USD-SWAP-LIN,7e-06,2025-05-29 04:00:16,2025-05-29 04:43:13
ALT-USD-SWAP-LIN,-3.4e-05,2025-05-29 01:00:04,2025-05-29 01:54:40
ALT-USD-SWAP-LIN,-2.3e-05,2025-05-29 03:00:05,2025-05-29 03:17:13
ALT-USD-SWAP-LIN,-2.5e-05,2025-05-29 04:00:04,2025-05-29 04:30:54
ANIME-USD-SWAP-LIN,-1.4e-05,2025-05-29 02:00:19,2025-05-29 02:10:06
ANIME-USD-SWAP-LIN,-1.9e-05,2025-05-29 03:00:20,2025-05-29 03:32:36
ANIME-USD-SWAP-LIN,-2e-05,2025-05-29 04:00:19,2025-05-29 04:46:18
ANSEM-USD-SWAP-LIN,0.0,2025-05-29 02:00:14,2025-05-29 02:04:45
ANSEM-USD-SWAP-LIN,-3e-06,2025-05-29 03:00:15,2025-05-29 03:27:16
ANSEM-USD-SWAP-LIN,3e-06,2025-05-29 04:00:14,2025-05-29 04:40:55
APE-USD-SWAP-LIN,-2.5e-05,2025-05-29 01:00:08,2025-05-29 01:58:25
APE-USD-SWAP-LIN,-2.3e-05,2025-05-29 03:00:10,2025-05-29 03:20:58
APE-USD-SWAP-LIN,-2.5e-05,2025-05-29 04:00:08,2025-05-29 04:34:38
API3-USD-SWAP-LIN,-2.6e-05,2025-05-29 01:00:04,2025-05-29 01:54:43
API3-USD-SWAP-LIN,-1.8e-05,2025-05-29 03:00:05,2025-05-29 03:17:17
API3-USD-SWAP-LIN,-1.6e-05,2025-05-29 04:00:04,2025-05-29 04:30:57
APT-USD-SWAP-LIN,-7e-06,2025-05-29 01:00:05,2025-05-29 01:55:56
APT-USD-SWAP-LIN,-3e-06,2025-05-29 03:00:06,2025-05-29 03:18:29
APT-USD-SWAP-LIN,-1e-06,2025-05-29 04:00:05,2025-05-29 04:32:09
APU-USD-SWAP-LIN,1.6e-05,2025-05-29 02:00:10,2025-05-29 02:00:21
APU-USD-SWAP-LIN,1.5e-05,2025-05-29 03:00:11,2025-05-29 03:22:54
APU-USD-SWAP-LIN,2.2e-05,2025-05-29 04:00:10,2025-05-29 04:36:33
AR-USD-SWAP-LIN,-1.4e-05,2025-05-29 02:00:12,2025-05-29 02:03:15
AR-USD-SWAP-LIN,-1.7e-05,2025-05-29 03:00:13,2025-05-29 03:25:46
AR-USD-SWAP-LIN,-1.6e-05,2025-05-29 04:00:12,2025-05-29 04:39:25
ARB-USD-SWAP-LIN,-2.6e-05,2025-05-29 01:00:03,2025-05-29 01:53:54
ARB-USD-SWAP-LIN,-1.6e-05,2025-05-29 03:00:04,2025-05-29 03:16:26
ARB-USD-SWAP-LIN,-1.1e-05,2025-05-29 04:00:04,2025-05-29 04:30:08
ARC-USD-SWAP-LIN,7e-06,2025-05-29 02:00:17,2025-05-29 02:08:15
ARC-USD-SWAP-LIN,1e-06,2025-05-29 03:00:18,2025-05-29 03:30:44
ARC-USD-SWAP-LIN,4e-06,2025-05-29 04:00:17,2025-05-29 04:44:25
ARKM-USD-SWAP-LIN,6e-06,2025-05-29 01:00:09,2025-05-29 01:58:54
ARKM-USD-SWAP-LIN,3e-06,2025-05-29 03:00:10,2025-05-29 03:21:27
ARKM-USD-SWAP-LIN,8e-06,2025-05-29 04:00:08,2025-05-29 04:35:07
ASTRO-USD-SWAP-LIN,3.9e-05,2025-05-29 02:00:15,2025-05-29 02:06:16
ASTRO-USD-SWAP-LIN,4.1e-05,2025-05-29 03:00:16,2025-05-29 03:28:45
ASTRO-USD-SWAP-LIN,3.9e-05,2025-05-29 04:00:15,2025-05-29 04:42:25
ATOM-USD-SWAP-LIN,-1.5e-05,2025-05-29 01:00:05,2025-05-29 01:56:00
ATOM-USD-SWAP-LIN,-1e-05,2025-05-29 03:00:06,2025-05-29 03:18:32
ATOM-USD-SWAP-LIN,-1e-05,2025-05-29 04:00:05,2025-05-29 04:32:12
AVA-USD-SWAP-LIN,-1.1e-05,2025-05-29 02:00:14,2025-05-29 02:05:35
AVA-USD-SWAP-LIN,-1.3e-05,2025-05-29 03:00:15,2025-05-29 03:28:05
AVA-USD-SWAP-LIN,-1e-05,2025-05-29 04:00:14,2025-05-29 04:41:46
AVAX-USD-SWAP-LIN,-8e-06,2025-05-29 01:00:03,2025-05-29 01:53:43
AVAX-USD-SWAP-LIN,-4e-06,2025-05-29 03:00:04,2025-05-29 03:16:16
AVAX-USD-SWAP-LIN,-2e-06,2025-05-29 04:00:03,2025-05-29 04:29:57
AXL-USD-SWAP-LIN,-2.8e-05,2025-05-29 01:00:08,2025-05-29 01:58:11
AXL-USD-SWAP-LIN,-2.4e-05,2025-05-29 03:00:09,2025-05-29 03:20:44
AXL-USD-SWAP-LIN,-2.7e-05,2025-05-29 04:00:08,2025-05-29 04:34:24
B-USD-SWAP-LIN,-1.4e-05,2025-05-29 02:00:24,2025-05-29 02:14:04
B-USD-SWAP-LIN,-1.8e-05,2025-05-29 03:00:26,2025-05-29 03:36:35
B-USD-SWAP-LIN,-1.6e-05,2025-05-29 04:00:24,2025-05-29 04:50:18
B3-USD-SWAP-LIN,-0.000219,2025-05-29 02:00:19,2025-05-29 02:10:57
B3-USD-SWAP-LIN,-0.000225,2025-05-29 03:00:21,2025-05-29 03:33:27
B3-USD-SWAP-LIN,-0.000222,2025-05-29 04:00:19,2025-05-29 04:47:10
BABY-USD-SWAP-LIN,-4.2e-05,2025-05-29 02:00:21,2025-05-29 02:12:34
BABY-USD-SWAP-LIN,-3.4e-05,2025-05-29 03:00:23,2025-05-29 03:35:04
BABY-USD-SWAP-LIN,-3.4e-05,2025-05-29 04:00:22,2025-05-29 04:48:47
BAN-USD-SWAP-LIN,3e-06,2025-05-29 02:00:13,2025-05-29 02:04:12
BAN-USD-SWAP-LIN,3e-06,2025-05-29 03:00:15,2025-05-29 03:26:43
BAN-USD-SWAP-LIN,5e-06,2025-05-29 04:00:13,2025-05-29 04:40:22
BANANA-USD-SWAP-LIN,-2e-05,2025-05-29 02:00:11,2025-05-29 02:00:49
BANANA-USD-SWAP-LIN,-2.1e-05,2025-05-29 03:00:12,2025-05-29 03:23:23
BANANA-USD-SWAP-LIN,-1.8e-05,2025-05-29 04:00:11,2025-05-29 04:37:02
BANANABSC-USD-SWAP-LIN,-5e-06,2025-05-29 02:00:16,2025-05-29 02:06:30
BANANABSC-USD-SWAP-LIN,-2e-06,2025-05-29 03:00:17,2025-05-29 03:29:00
BANANABSC-USD-SWAP-LIN,-4e-06,2025-05-29 04:00:16,2025-05-29 04:42:39
BASEISFOREVERYONE-USD-SWAP-LIN,-3.9e-05,2025-05-29 02:00:21,2025-05-29 02:12:37
BASEISFOREVERYONE-USD-SWAP-LIN,-3.4e-05,2025-05-29 03:00:23,2025-05-29 03:35:07
BASEISFOREVERYONE-USD-SWAP-LIN,-3.7e-05,2025-05-29 04:00:22,2025-05-29 04:48:50
BCH-USD-SWAP-LIN,-2e-05,2025-05-29 01:00:07,2025-05-29 01:56:58
BCH-USD-SWAP-LIN,-1.8e-05,2025-05-29 03:00:08,2025-05-29 03:19:31
BCH-USD-SWAP-LIN,-1.9e-05,2025-05-29 04:00:07,2025-05-29 04:33:11
BEAM-USD-SWAP-LIN,1e-06,2025-05-29 01:00:08,2025-05-29 01:57:49
BEAM-USD-SWAP-LIN,-1e-06,2025-05-29 03:00:09,2025-05-29 03:20:22
BEAM-USD-SWAP-LIN,3e-06,2025-05-29 04:00:08,2025-05-29 04:34:02
BERA-USD-SWAP-LIN,2e-06,2025-05-29 02:00:19,2025-05-29 02:10:42
BERA-USD-SWAP-LIN,0.0,2025-05-29 03:00:21,2025-05-29 03:33:13
BERA-USD-SWAP-LIN,-1e-06,2025-05-29 04:00:19,2025-05-29 04:46:55
BERTR-USD-SWAP-LIN,6e-06,2025-05-29 02:00:23,2025-05-29 02:13:57
BERTR-USD-SWAP-LIN,-1e-06,2025-05-29 03:00:25,2025-05-29 03:36:28
BERTR-USD-SWAP-LIN,5e-06,2025-05-29 04:00:24,2025-05-29 04:50:10
BIFI-USD-SWAP-LIN,5e-06,2025-05-29 02:00:17,2025-05-29 02:08:01
BIFI-USD-SWAP-LIN,4e-06,2025-05-29 03:00:18,2025-05-29 03:30:30
BIFI-USD-SWAP-LIN,1.3e-05,2025-05-29 04:00:17,2025-05-29 04:44:11
BIGTIME-USD-SWAP-LIN,2e-06,2025-05-29 01:00:04,2025-05-29 01:55:01
BIGTIME-USD-SWAP-LIN,0.0,2025-05-29 03:00:05,2025-05-29 03:17:35
BIGTIME-USD-SWAP-LIN,4e-06,2025-05-29 04:00:04,2025-05-29 04:31:15
BIO-USD-SWAP-LIN,-2.4e-05,2025-05-29 02:00:18,2025-05-29 02:09:13
BIO-USD-SWAP-LIN,-2.4e-05,2025-05-29 03:00:19,2025-05-29 03:31:42
BIO-USD-SWAP-LIN,-2.2e-05,2025-05-29 04:00:18,2025-05-29 04:45:23
BITCOIN-USD-SWAP-LIN,0.0,2025-05-29 01:00:06,2025-05-29 01:56:32
BITCOIN-USD-SWAP-LIN,3e-06,2025-05-29 03:00:07,2025-05-29 03:19:05
BITCOIN-USD-SWAP-LIN,2e-06,2025-05-29 04:00:06,2025-05-29 04:32:46
BLAST-USD-SWAP-LIN,-5e-06,2025-05-29 01:00:10,2025-05-29 02:00:02
BLAST-USD-SWAP-LIN,-3e-06,2025-05-29 03:00:11,2025-05-29 03:22:36
BLAST-USD-SWAP-LIN,7e-06,2025-05-29 04:00:09,2025-05-29 04:36:15
BLUR-USD-SWAP-LIN,-2e-06,2025-05-29 01:00:04,2025-05-29 01:54:58
BLUR-USD-SWAP-LIN,5e-06,2025-05-29 03:00:05,2025-05-29 03:17:31
BLUR-USD-SWAP-LIN,-3e-06,2025-05-29 04:00:04,2025-05-29 04:31:12
BMT-USD-SWAP-LIN,0.000208,2025-05-29 02:00:20,2025-05-29 02:11:40
BMT-USD-SWAP-LIN,0.000202,2025-05-29 03:00:22,2025-05-29 03:34:11
BMT-USD-SWAP-LIN,0.000203,2025-05-29 04:00:21,2025-05-29 04:47:52
BNB-USD-SWAP-LIN,-1.4e-05,2025-05-29 01:00:02,2025-05-29 01:53:29
BNB-USD-SWAP-LIN,-1.8e-05,2025-05-29 03:00:02,2025-05-29 03:16:01
BNB-USD-SWAP-LIN,-1.4e-05,2025-05-29 04:00:02,2025-05-29 04:29:42
BNKR-USD-SWAP-LIN,3e-06,2025-05-29 02:00:21,2025-05-29 02:12:09
BNKR-USD-SWAP-LIN,-3e-06,2025-05-29 03:00:22,2025-05-29 03:34:39
BNKR-USD-SWAP-LIN,0.0,2025-05-29 04:00:21,2025-05-29 04:48:21
BOME-USD-SWAP-LIN,3e-06,2025-05-29 01:00:07,2025-05-29 01:57:17
BOME-USD-SWAP-LIN,2e-06,2025-05-29 03:00:08,2025-05-29 03:19:50
BOME-USD-SWAP-LIN,-1e-06,2025-05-29 04:00:07,2025-05-29 04:33:29
BOOP-USD-SWAP-LIN,-4.4e-05,2025-05-29 02:00:22,2025-05-29 02:13:13
BOOP-USD-SWAP-LIN,-3.7e-05,2025-05-29 03:00:24,2025-05-29 03:35:43
BOOP-USD-SWAP-LIN,-3.3e-05,2025-05-29 04:00:23,2025-05-29 04:49:26
BRETT-USD-SWAP-LIN,0.000104,2025-05-29 01:00:08,2025-05-29 01:57:31
BRETT-USD-SWAP-LIN,8.1e-05,2025-05-29 03:00:09,2025-05-29 03:20:04
BRETT-USD-SWAP-LIN,8.7e-05,2025-05-29 04:00:08,2025-05-29 04:33:44
BROCCOLI1-USD-SWAP-LIN,1.7e-05,2025-05-29 02:00:20,2025-05-29 02:11:07
BROCCOLI1-USD-SWAP-LIN,1.1e-05,2025-05-29 03:00:21,2025-05-29 03:33:38
BROCCOLI1-USD-SWAP-LIN,3e-05,2025-05-29 04:00:20,2025-05-29 04:47:20
BROCCOLI3-USD-SWAP-LIN,2.5e-05,2025-05-29 02:00:20,2025-05-29 02:11:11
BROCCOLI3-USD-SWAP-LIN,3e-05,2025-05-29 03:00:21,2025-05-29 03:33:41
BROCCOLI3-USD-SWAP-LIN,1.7e-05,2025-05-29 04:00:20,2025-05-29 04:47:24
BTC-USD-SWAP-LIN,-2e-05,2025-05-29 01:00:00,2025-05-29 01:53:21
BTC-USD-SWAP-LIN,-1.4e-05,2025-05-29 03:00:00,2025-05-29 03:15:54
BTC-USD-SWAP-LIN,-1.2e-05,2025-05-29 04:00:00,2025-05-29 04:29:35
BUTTCOIN-USD-SWAP-LIN,2.4e-05,2025-05-29 02:00:21,2025-05-29 02:12:23
BUTTCOIN-USD-SWAP-LIN,1.8e-05,2025-05-29 03:00:23,2025-05-29 03:34:54
BUTTCOIN-USD-SWAP-LIN,2.6e-05,2025-05-29 04:00:22,2025-05-29 04:48:36
CAKE-USD-SWAP-LIN,-1.8e-05,2025-05-29 01:00:08,2025-05-29 01:58:14
CAKE-USD-SWAP-LIN,-2.3e-05,2025-05-29 03:00:09,2025-05-29 03:20:47
CAKE-USD-SWAP-LIN,-1.9e-05,2025-05-29 04:00:08,2025-05-29 04:34:28
CAR-USD-SWAP-LIN,-0.000185,2025-05-29 02:00:24,2025-05-29 02:14:15
CAR-USD-SWAP-LIN,-0.000195,2025-05-29 03:00:26,2025-05-29 03:36:46
CAR-USD-SWAP-LIN,-0.000216,2025-05-29 04:00:24,2025-05-29 04:50:28
CETUS-USD-SWAP-LIN,4.3e-05,2025-05-29 02:00:14,2025-05-29 02:05:07
CETUS-USD-SWAP-LIN,4e-05,2025-05-29 03:00:15,2025-05-29 03:27:37
CETUS-USD-SWAP-LIN,5e-06,2025-05-29 04:00:14,2025-05-29 04:41:17
CFX-USD-SWAP-LIN,-1.1e-05,2025-05-29 02:00:12,2025-05-29 02:03:26
CFX-USD-SWAP-LIN,-2.2e-05,2025-05-29 03:00:13,2025-05-29 03:25:57
CFX-USD-SWAP-LIN,-1.7e-05,2025-05-29 04:00:12,2025-05-29 04:39:36
CHEX-USD-SWAP-LIN,3e-06,2025-05-29 02:00:18,2025-05-29 02:08:59
CHEX-USD-SWAP-LIN,-1e-06,2025-05-29 03:00:19,2025-05-29 03:31:28
CHEX-USD-SWAP-LIN,1e-06,2025-05-29 04:00:18,2025-05-29 04:45:09
CHILLGUY-USD-SWAP-LIN,8e-06,2025-05-29 02:00:15,2025-05-29 02:05:58
CHILLGUY-USD-SWAP-LIN,9e-06,2025-05-29 03:00:16,2025-05-29 03:28:27
CHILLGUY-USD-SWAP-LIN,1.1e-05,2025-05-29 04:00:15,2025-05-29 04:42:07
CKB-USD-SWAP-LIN,-1.9e-05,2025-05-29 02:00:12,2025-05-29 02:02:24
CKB-USD-SWAP-LIN,-1.7e-05,2025-05-29 03:00:13,2025-05-29 03:24:56
CKB-USD-SWAP-LIN,-2.9e-05,2025-05-29 04:00:12,2025-05-29 04:38:35
CLANKER-USD-SWAP-LIN,1e-06,2025-05-29 02:00:15,2025-05-29 02:06:05
CLANKER-USD-SWAP-LIN,-2e-06,2025-05-29 03:00:16,2025-05-29 03:28:34
CLANKER-USD-SWAP-LIN,2e-06,2025-05-29 04:00:15,2025-05-29 04:42:14
COCORO-USD-SWAP-LIN,5e-06,2025-05-29 02:00:20,2025-05-29 02:11:29
COCORO-USD-SWAP-LIN,4e-06,2025-05-29 03:00:22,2025-05-29 03:33:59
COCORO-USD-SWAP-LIN,1.1e-05,2025-05-29 04:00:20,2025-05-29 04:47:42
COLLAT-USD-SWAP-LIN,-4.7e-05,2025-05-29 02:00:20,2025-05-29 02:11:18
COLLAT-USD-SWAP-LIN,-4.9e-05,2025-05-29 03:00:21,2025-05-29 03:33:49
COLLAT-USD-SWAP-LIN,-3.5e-05,2025-05-29 04:00:20,2025-05-29 04:47:31
COOKIE-USD-SWAP-LIN,1e-06,2025-05-29 02:00:18,2025-05-29 02:09:20
COOKIE-USD-SWAP-LIN,-1e-06,2025-05-29 03:00:19,2025-05-29 03:31:50
COOKIE-USD-SWAP-LIN,2e-06,2025-05-29 04:00:18,2025-05-29 04:45:30
COW-USD-SWAP-LIN,0.0,2025-05-29 02:00:14,2025-05-29 02:05:03
COW-USD-SWAP-LIN,1e-06,2025-05-29 03:00:15,2025-05-29 03:27:33
COW-USD-SWAP-LIN,0.0,2025-05-29 04:00:14,2025-05-29 04:41:13
CPOOL-USD-SWAP-LIN,5e-06,2025-05-29 02:00:17,2025-05-29 02:08:44
CPOOL-USD-SWAP-LIN,0.0,2025-05-29 03:00:18,2025-05-29 03:31:14
CPOOL-USD-SWAP-LIN,8e-06,2025-05-29 04:00:17,2025-05-29 04:44:54
CREAM-USD-SWAP-LIN,0.000109,2025-05-29 02:00:13,2025-05-29 02:03:54
CREAM-USD-SWAP-LIN,6e-05,2025-05-29 03:00:14,2025-05-29 03:26:25
CREAM-USD-SWAP-LIN,8.1e-05,2025-05-29 04:00:13,2025-05-29 04:40:04
CRV-USD-SWAP-LIN,-2.1e-05,2025-05-29 01:00:09,2025-05-29 01:58:47
CRV-USD-SWAP-LIN,-1.6e-05,2025-05-29 03:00:10,2025-05-29 03:21:20
CRV-USD-SWAP-LIN,-1.6e-05,2025-05-29 04:00:08,2025-05-29 04:35:00
CULT-USD-SWAP-LIN,6e-06,2025-05-29 02:00:16,2025-05-29 02:07:32
CULT-USD-SWAP-LIN,3e-06,2025-05-29 03:00:17,2025-05-29 03:30:01
CULT-USD-SWAP-LIN,5e-06,2025-05-29 04:00:16,2025-05-29 04:43:41
DADDY-USD-SWAP-LIN,3.9e-05,2025-05-29 01:00:09,2025-05-29 01:59:19
DADDY-USD-SWAP-LIN,2e-05,2025-05-29 03:00:10,2025-05-29 03:21:53
DADDY-USD-SWAP-LIN,3.1e-05,2025-05-29 04:00:09,2025-05-29 04:35:32
DARK-USD-SWAP-LIN,1.1e-05,2025-05-29 02:00:21,2025-05-29 02:12:41
DARK-USD-SWAP-LIN,7e-06,2025-05-29 03:00:23,2025-05-29 03:35:11
DARK-USD-SWAP-LIN,8e-06,2025-05-29 04:00:22,2025-05-29 04:48:54
DEEP-USD-SWAP-LIN,3e-06,2025-05-29 02:00:19,2025-05-29 02:10:14
DEEP-USD-SWAP-LIN,-1e-06,2025-05-29 03:00:20,2025-05-29 03:32:44
DEEP-USD-SWAP-LIN,3e-06,2025-05-29 04:00:19,2025-05-29 04:46:25
DEGEN-USD-SWAP-LIN,-1e-06,2025-05-29 01:00:08,2025-05-29 01:57:34
DEGEN-USD-SWAP-LIN,-1e-06,2025-05-29 03:00:09,2025-05-29 03:20:08
DEGEN-USD-SWAP-LIN,2e-06,2025-05-29 04:00:08,2025-05-29 04:33:47
DEGOD-USD-SWAP-LIN,-1e-06,2025-05-29 02:00:12,2025-05-29 02:02:38
DEGOD-USD-SWAP-LIN,1.4e-05,2025-05-29 03:00:13,2025-05-29 03:25:10
DEGOD-USD-SWAP-LIN,-7.4e-05,2025-05-29 04:00:12,2025-05-29 04:38:50
DINERO-USD-SWAP-LIN,3.3e-05,2025-05-29 02:00:12,2025-05-29 02:02:41
DINERO-USD-SWAP-LIN,2.3e-05,2025-05-29 03:00:13,2025-05-29 03:25:14
DINERO-USD-SWAP-LIN,3.9e-05,2025-05-29 04:00:12,2025-05-29 04:38:54
DINO-USD-SWAP-LIN,-1e-06,2025-05-29 02:00:16,2025-05-29 02:07:00
DINO-USD-SWAP-LIN,0.0,2025-05-29 03:00:17,2025-05-29 03:29:29
DINO-USD-SWAP-LIN,2e-06,2025-05-29 04:00:16,2025-05-29 04:43:09
DOG-USD-SWAP-LIN,2e-06,2025-05-29 02:00:11,2025-05-29 02:01:23
DOG-USD-SWAP-LIN,1e-06,2025-05-29 03:00:12,2025-05-29 03:23:56
DOG-USD-SWAP-LIN,3e-06,2025-05-29 04:00:11,2025-05-29 04:37:33
DOGE-USD-SWAP-LIN,-1.4e-05,2025-05-29 01:00:04,2025-05-29 01:55:05
DOGE-USD-SWAP-LIN,-6e-06,2025-05-29 03:00:05,2025-05-29 03:17:38
DOGE-USD-SWAP-LIN,-6e-06,2025-05-29 04:00:04,2025-05-29 04:31:19
DOGEAI-USD-SWAP-LIN,2.8e-05,2025-05-29 02:00:19,2025-05-29 02:10:21
DOGEAI-USD-SWAP-LIN,0.0,2025-05-29 03:00:20,2025-05-29 03:32:51
DOGEAI-USD-SWAP-LIN,2.9e-05,2025-05-29 04:00:19,2025-05-29 04:46:32
DOGEGOV-USD-SWAP-LIN,4.1e-05,2025-05-29 02:00:14,2025-05-29 02:04:16
DOGEGOV-USD-SWAP-LIN,4.8e-05,2025-05-29 03:00:15,2025-05-29 03:26:47
DOGEGOV-USD-SWAP-LIN,4.2e-05,2025-05-29 04:00:13,2025-05-29 04:40:26
DOGINME-USD-SWAP-LIN,0.000121,2025-05-29 01:00:08,2025-05-29 01:57:27
DOGINME-USD-SWAP-LIN,0.000115,2025-05-29 03:00:08,2025-05-29 03:20:00
DOGINME-USD-SWAP-LIN,0.000119,2025-05-29 04:00:07,2025-05-29 04:33:40
DOGS-USD-SWAP-LIN,-1.2e-05,2025-05-29 02:00:12,2025-05-29 02:02:20
DOGS-USD-SWAP-LIN,-1.5e-05,2025-05-29 03:00:13,2025-05-29 03:24:52
DOGS-USD-SWAP-LIN,-1.2e-05,2025-05-29 04:00:12,2025-05-29 04:38:32
DOT-USD-SWAP-LIN,-9e-06,2025-05-29 01:00:05,2025-05-29 01:55:28
DOT-USD-SWAP-LIN,-1e-05,2025-05-29 03:00:05,2025-05-29 03:18:00
DOT-USD-SWAP-LIN,-1.1e-05,2025-05-29 04:00:05,2025-05-29 04:31:40
DRIFT-USD-SWAP-LIN,4e-06,2025-05-29 02:00:12,2025-05-29 02:02:34
DRIFT-USD-SWAP-LIN,1e-06,2025-05-29 03:00:13,2025-05-29 03:25:07
DRIFT-USD-SWAP-LIN,1e-06,2025-05-29 04:00:12,2025-05-29 04:38:46
DYM-USD-SWAP-LIN,-2.2e-05,2025-05-29 01:00:05,2025-05-29 01:55:38
DYM-USD-SWAP-LIN,-1.9e-05,2025-05-29 03:00:05,2025-05-29 03:18:11
DYM-USD-SWAP-LIN,-2.2e-05,2025-05-29 04:00:05,2025-05-29 04:31:51
EIGEN-USD-SWAP-LIN,-2.1e-05,2025-05-29 02:00:12,2025-05-29 02:02:49
EIGEN-USD-SWAP-LIN,-2.3e-05,2025-05-29 03:00:13,2025-05-29 03:25:21
EIGEN-USD-SWAP-LIN,-2.2e-05,2025-05-29 04:00:12,2025-05-29 04:39:00
ENA-USD-SWAP-LIN,2.2e-05,2025-05-29 01:00:07,2025-05-29 01:57:02
ENA-USD-SWAP-LIN,3.1e-05,2025-05-29 03:00:08,2025-05-29 03:19:34
ENA-USD-SWAP-LIN,3.5e-05,2025-05-29 04:00:07,2025-05-29 04:33:15
EOS-USD-SWAP-LIN,0.0,2025-05-29 02:00:16,2025-05-29 02:06:49
EOS-USD-SWAP-LIN,0.0,2025-05-29 03:00:17,2025-05-29 03:29:18
EOS-USD-SWAP-LIN,0.0,2025-05-29 04:00:16,2025-05-29 04:42:58
ETC-USD-SWAP-LIN,2e-06,2025-05-29 02:00:16,2025-05-29 02:06:52
ETC-USD-SWAP-LIN,0.0,2025-05-29 03:00:17,2025-05-29 03:29:21
ETC-USD-SWAP-LIN,7e-06,2025-05-29 04:00:16,2025-05-29 04:43:02
ETH-USD-SWAP-LIN,-5.3e-05,2025-05-29 01:00:02,2025-05-29 01:53:25
ETH-USD-SWAP-LIN,-4.9e-05,2025-05-29 03:00:02,2025-05-29 03:15:58
ETH-USD-SWAP-LIN,-5.3e-05,2025-05-29 04:00:02,2025-05-29 04:29:39
FAI-USD-SWAP-LIN,-1e-06,2025-05-29 02:00:17,2025-05-29 02:08:26
FAI-USD-SWAP-LIN,-3e-06,2025-05-29 03:00:18,2025-05-29 03:30:55
FAI-USD-SWAP-LIN,-1e-06,2025-05-29 04:00:17,2025-05-29 04:44:36
FARTCOIN-USD-SWAP-LIN,0.000151,2025-05-29 02:00:13,2025-05-29 02:03:47
FARTCOIN-USD-SWAP-LIN,0.000151,2025-05-29 03:00:14,2025-05-29 03:26:18
FARTCOIN-USD-SWAP-LIN,0.000157,2025-05-29 04:00:13,2025-05-29 04:39:57
FAT-USD-SWAP-LIN,5.1e-05,2025-05-29 02:00:21,2025-05-29 02:11:58
FAT-USD-SWAP-LIN,4.7e-05,2025-05-29 03:00:22,2025-05-29 03:34:28
FAT-USD-SWAP-LIN,6.4e-05,2025-05-29 04:00:21,2025-05-29 04:48:10
FIL-USD-SWAP-LIN,6e-06,2025-05-29 01:00:04,2025-05-29 01:54:04
FIL-USD-SWAP-LIN,1e-06,2025-05-29 03:00:04,2025-05-29 03:16:37
FIL-USD-SWAP-LIN,2e-06,2025-05-29 04:00:04,2025-05-29 04:30:18
FTT-USD-SWAP-LIN,0.0,2025-05-29 02:00:12,2025-05-29 02:03:04
FTT-USD-SWAP-LIN,-1e-06,2025-05-29 03:00:13,2025-05-29 03:25:35
FTT-USD-SWAP-LIN,-1e-06,2025-05-29 04:00:12,2025-05-29 04:39:14
FWOG-USD-SWAP-LIN,2.2e-05,2025-05-29 02:00:11,2025-05-29 02:01:34
FWOG-USD-SWAP-LIN,2.1e-05,2025-05-29 03:00:12,2025-05-29 03:24:06
FWOG-USD-SWAP-LIN,2.2e-05,2025-05-29 04:00:11,2025-05-29 04:37:44
GAME-USD-SWAP-LIN,-1e-06,2025-05-29 02:00:13,2025-05-29 02:04:09
GAME-USD-SWAP-LIN,-3e-06,2025-05-29 03:00:14,2025-05-29 03:26:40
GAME-USD-SWAP-LIN,-1e-06,2025-05-29 04:00:13,2025-05-29 04:40:19
GAMESTOP-USD-SWAP-LIN,5e-05,2025-05-29 02:00:18,2025-05-29 02:09:41
GAMESTOP-USD-SWAP-LIN,5.4e-05,2025-05-29 03:00:19,2025-05-29 03:32:11
GAMESTOP-USD-SWAP-LIN,5.9e-05,2025-05-29 04:00:18,2025-05-29 04:45:53
GFM-USD-SWAP-LIN,-0.000142,2025-05-29 02:00:19,2025-05-29 02:10:24
GFM-USD-SWAP-LIN,-0.000109,2025-05-29 03:00:20,2025-05-29 03:32:54
GFM-USD-SWAP-LIN,-6.7e-05,2025-05-29 04:00:19,2025-05-29 04:46:36
GHIBLI-USD-SWAP-LIN,-1.1e-05,2025-05-29 02:00:21,2025-05-29 02:12:05
GHIBLI-USD-SWAP-LIN,0.0,2025-05-29 03:00:22,2025-05-29 03:34:36
GHIBLI-USD-SWAP-LIN,0.0,2025-05-29 04:00:21,2025-05-29 04:48:17
GIGA-USD-SWAP-LIN,2e-06,2025-05-29 01:00:10,2025-05-29 02:00:10
GIGA-USD-SWAP-LIN,3e-06,2025-05-29 03:00:11,2025-05-29 03:22:43
GIGA-USD-SWAP-LIN,8e-06,2025-05-29 04:00:09,2025-05-29 04:36:22
GME-USD-SWAP-LIN,0.000119,2025-05-29 02:00:10,2025-05-29 02:00:13
GME-USD-SWAP-LIN,0.000139,2025-05-29 03:00:11,2025-05-29 03:22:47
GME-USD-SWAP-LIN,0.000177,2025-05-29 04:00:10,2025-05-29 04:36:26
GMT-USD-SWAP-LIN,-1.4e-05,2025-05-29 01:00:09,2025-05-29 01:59:05
GMT-USD-SWAP-LIN,-1.7e-05,2025-05-29 03:00:10,2025-05-29 03:21:39
GMT-USD-SWAP-LIN,-1.3e-05,2025-05-29 04:00:09,2025-05-29 04:35:17
GMX-USD-SWAP-LIN,-5.2e-05,2025-05-29 02:00:11,2025-05-29 02:01:30
GMX-USD-SWAP-LIN,-3.9e-05,2025-05-29 03:00:12,2025-05-29 03:24:03
GMX-USD-SWAP-LIN,-3e-05,2025-05-29 04:00:11,2025-05-29 04:37:41
GOAT-USD-SWAP-LIN,-6e-06,2025-05-29 02:00:13,2025-05-29 02:03:37
GOAT-USD-SWAP-LIN,-1.1e-05,2025-05-29 03:00:14,2025-05-29 03:26:08
GOAT-USD-SWAP-LIN,-5e-06,2025-05-29 04:00:12,2025-05-29 04:39:46
GRASS-USD-SWAP-LIN,-4e-06,2025-05-29 02:00:14,2025-05-29 02:04:30
GRASS-USD-SWAP-LIN,-3e-06,2025-05-29 03:00:15,2025-05-29 03:27:01
GRASS-USD-SWAP-LIN,-2e-06,2025-05-29 04:00:14,2025-05-29 04:40:40
GRIFFAIN-USD-SWAP-LIN,9e-06,2025-05-29 02:00:16,2025-05-29 02:07:36
GRIFFAIN-USD-SWAP-LIN,4e-06,2025-05-29 03:00:17,2025-05-29 03:30:05
GRIFFAIN-USD-SWAP-LIN,1.1e-05,2025-05-29 04:00:16,2025-05-29 04:43:45
GROK-USD-SWAP-LIN,0.0,2025-05-29 02:00:11,2025-05-29 02:01:20
GROK-USD-SWAP-LIN,0.0,2025-05-29 03:00:12,2025-05-29 03:23:52
GROK-USD-SWAP-LIN,4e-06,2025-05-29 04:00:11,2025-05-29 04:37:30
GT-USD-SWAP-LIN,-1.6e-05,2025-05-29 01:00:08,2025-05-29 01:58:18
GT-USD-SWAP-LIN,-1e-06,2025-05-29 03:00:09,2025-05-29 03:20:51
GT-USD-SWAP-LIN,0.0,2025-05-29 04:00:08,2025-05-29 04:34:31
HAWKTUAH-USD-SWAP-LIN,1e-06,2025-05-29 02:00:14,2025-05-29 02:05:25
HAWKTUAH-USD-SWAP-LIN,2e-06,2025-05-29 03:00:15,2025-05-29 03:27:55
HAWKTUAH-USD-SWAP-LIN,4e-06,2025-05-29 04:00:14,2025-05-29 04:41:35
HBAR-USD-SWAP-LIN,4e-06,2025-05-29 02:00:16,2025-05-29 02:06:41
HBAR-USD-SWAP-LIN,0.0,2025-05-29 03:00:17,2025-05-29 03:29:10
HBAR-USD-SWAP-LIN,2e-06,2025-05-29 04:00:16,2025-05-29 04:42:50
HEYANON-USD-SWAP-LIN,7.7e-05,2025-05-29 02:00:18,2025-05-29 02:09:31
HEYANON-USD-SWAP-LIN,-7e-06,2025-05-29 03:00:19,2025-05-29 03:32:00
HEYANON-USD-SWAP-LIN,0.0,2025-05-29 04:00:18,2025-05-29 04:45:41
HFUN-USD-SWAP-LIN,5e-06,2025-05-29 02:00:17,2025-05-29 02:08:05
HFUN-USD-SWAP-LIN,-8e-06,2025-05-29 03:00:18,2025-05-29 03:30:33
HFUN-USD-SWAP-LIN,-7e-06,2025-05-29 04:00:17,2025-05-29 04:44:15
HIPPO-USD-SWAP-LIN,9.8e-05,2025-05-29 02:00:12,2025-05-29 02:03:01
HIPPO-USD-SWAP-LIN,0.000105,2025-05-29 03:00:13,2025-05-29 03:25:31
HIPPO-USD-SWAP-LIN,9.3e-05,2025-05-29 04:00:12,2025-05-29 04:39:11
HNT-USD-SWAP-LIN,0.000132,2025-05-29 01:00:08,2025-05-29 01:58:32
HNT-USD-SWAP-LIN,0.000134,2025-05-29 03:00:10,2025-05-29 03:21:05
HNT-USD-SWAP-LIN,0.000131,2025-05-29 04:00:08,2025-05-29 04:34:46
HOSICO-USD-SWAP-LIN,-6.8e-05,2025-05-29 02:00:23,2025-05-29 02:13:21
HOSICO-USD-SWAP-LIN,1.2e-05,2025-05-29 03:00:24,2025-05-29 03:35:51
HOSICO-USD-SWAP-LIN,0.000138,2025-05-29 04:00:23,2025-05-29 04:49:33
HOTMOM-USD-SWAP-LIN,-2.2e-05,2025-05-29 02:00:23,2025-05-29 02:13:39
HOTMOM-USD-SWAP-LIN,-2.2e-05,2025-05-29 03:00:25,2025-05-29 03:36:10
HOTMOM-USD-SWAP-LIN,-2.2e-05,2025-05-29 04:00:23,2025-05-29 04:49:52
HOUSE-USD-SWAP-LIN,-8e-05,2025-05-29 02:00:22,2025-05-29 02:12:45
HOUSE-USD-SWAP-LIN,0.000269,2025-05-29 03:00:23,2025-05-29 03:35:15
HOUSE-USD-SWAP-LIN,0.000925,2025-05-29 04:00:22,2025-05-29 04:48:57
HYPE-USD-SWAP-LIN,3.1e-05,2025-05-29 02:00:15,2025-05-29 02:06:27
HYPE-USD-SWAP-LIN,2.9e-05,2025-05-29 03:00:17,2025-05-29 03:28:56
HYPE-USD-SWAP-LIN,3.3e-05,2025-05-29 04:00:15,2025-05-29 04:42:36
ID-USD-SWAP-LIN,-1.8e-05,2025-05-29 01:00:05,2025-05-29 01:55:49
ID-USD-SWAP-LIN,-1e-05,2025-05-29 03:00:05,2025-05-29 03:18:21
ID-USD-SWAP-LIN,-5e-06,2025-05-29 04:00:05,2025-05-29 04:32:02
IMX-USD-SWAP-LIN,-2.4e-05,2025-05-29 01:00:08,2025-05-29 01:57:52
IMX-USD-SWAP-LIN,-2e-05,2025-05-29 03:00:09,2025-05-29 03:20:26
IMX-USD-SWAP-LIN,-1.5e-05,2025-05-29 04:00:08,2025-05-29 04:34:06
INIT-USD-SWAP-LIN,0.0,2025-05-29 02:00:23,2025-05-29 02:13:46
INIT-USD-SWAP-LIN,-1e-06,2025-05-29 03:00:25,2025-05-29 03:36:17
INIT-USD-SWAP-LIN,1e-06,2025-05-29 04:00:23,2025-05-29 04:50:00
INJ-USD-SWAP-LIN,-2.6e-05,2025-05-29 01:00:04,2025-05-29 01:54:25
INJ-USD-SWAP-LIN,-2e-05,2025-05-29 03:00:04,2025-05-29 03:16:59
INJ-USD-SWAP-LIN,-2e-05,2025-05-29 04:00:04,2025-05-29 04:30:39
INST-USD-SWAP-LIN,1e-06,2025-05-29 02:00:24,2025-05-29 02:14:18
INST-USD-SWAP-LIN,0.0,2025-05-29 03:00:26,2025-05-29 03:36:49
INST-USD-SWAP-LIN,1e-06,2025-05-29 04:00:24,2025-05-29 04:50:32
IO-USD-SWAP-LIN,-2.3e-05,2025-05-29 02:00:13,2025-05-29 02:03:29
IO-USD-SWAP-LIN,-2.6e-05,2025-05-29 03:00:14,2025-05-29 03:26:00
IO-USD-SWAP-LIN,-3.2e-05,2025-05-29 04:00:12,2025-05-29 04:39:39
IOTA-USD-SWAP-LIN,-3e-05,2025-05-29 02:00:16,2025-05-29 02:07:07
IOTA-USD-SWAP-LIN,-3e-05,2025-05-29 03:00:17,2025-05-29 03:29:36
IOTA-USD-SWAP-LIN,-2.4e-05,2025-05-29 04:00:16,2025-05-29 04:43:16
IP-USD-SWAP-LIN,0.0,2025-05-29 02:00:20,2025-05-29 02:11:04
IP-USD-SWAP-LIN,-3e-06,2025-05-29 03:00:21,2025-05-29 03:33:34
IP-USD-SWAP-LIN,3e-06,2025-05-29 04:00:20,2025-05-29 04:47:17
ISO20022-USD-SWAP-LIN,2e-06,2025-05-29 02:00:18,2025-05-29 02:09:56
ISO20022-USD-SWAP-LIN,-1e-06,2025-05-29 03:00:20,2025-05-29 03:32:26
ISO20022-USD-SWAP-LIN,1e-06,2025-05-29 04:00:18,2025-05-29 04:46:08
JELLY-USD-SWAP-LIN,-0.000113,2025-05-29 02:00:19,2025-05-29 02:10:28
JELLY-USD-SWAP-LIN,-0.000121,2025-05-29 03:00:20,2025-05-29 03:32:58
JELLY-USD-SWAP-LIN,-0.000107,2025-05-29 04:00:19,2025-05-29 04:46:40
JOE-USD-SWAP-LIN,4e-06,2025-05-29 02:00:13,2025-05-29 02:03:40
JOE-USD-SWAP-LIN,5e-06,2025-05-29 03:00:14,2025-05-29 03:26:11
JOE-USD-SWAP-LIN,4e-06,2025-05-29 04:00:13,2025-05-29 04:39:50
JTO-USD-SWAP-LIN,0.0,2025-05-29 01:00:04,2025-05-29 01:54:32
JTO-USD-SWAP-LIN,2e-06,2025-05-29 03:00:04,2025-05-29 03:17:06
JTO-USD-SWAP-LIN,2e-06,2025-05-29 04:00:04,2025-05-29 04:30:47
JUP-USD-SWAP-LIN,-2.7e-05,2025-05-29 01:00:04,2025-05-29 01:54:29
JUP-USD-SWAP-LIN,-2.6e-05,2025-05-29 03:00:04,2025-05-29 03:17:03
JUP-USD-SWAP-LIN,-2.3e-05,2025-05-29 04:00:04,2025-05-29 04:30:43
KAIA-USD-SWAP-LIN,4e-06,2025-05-29 02:00:14,2025-05-29 02:05:10
KAIA-USD-SWAP-LIN,0.0,2025-05-29 03:00:15,2025-05-29 03:27:40
KAIA-USD-SWAP-LIN,6e-06,2025-05-29 04:00:14,2025-05-29 04:41:21
KAITO-USD-SWAP-LIN,-4.4e-05,2025-05-29 02:00:20,2025-05-29 02:11:15
KAITO-USD-SWAP-LIN,-3.8e-05,2025-05-29 03:00:21,2025-05-29 03:33:45
KAITO-USD-SWAP-LIN,-3.7e-05,2025-05-29 04:00:20,2025-05-29 04:47:27
KAS-USD-SWAP-LIN,6.4e-05,2025-05-29 02:00:12,2025-05-29 02:02:13
KAS-USD-SWAP-LIN,6.2e-05,2025-05-29 03:00:13,2025-05-29 03:24:45
KAS-USD-SWAP-LIN,6.4e-05,2025-05-29 04:00:12,2025-05-29 04:38:24
KEKIUS-USD-SWAP-LIN,2.1e-05,2025-05-29 02:00:17,2025-05-29 02:08:55
KEKIUS-USD-SWAP-LIN,2.3e-05,2025-05-29 03:00:19,2025-05-29 03:31:24
KEKIUS-USD-SWAP-LIN,3e-05,2025-05-29 04:00:18,2025-05-29 04:45:05
KEYCAT-USD-SWAP-LIN,-3.9e-05,2025-05-29 02:00:15,2025-05-29 02:05:50
KEYCAT-USD-SWAP-LIN,-3.3e-05,2025-05-29 03:00:16,2025-05-29 03:28:20
KEYCAT-USD-SWAP-LIN,-2.4e-05,2025-05-29 04:00:15,2025-05-29 04:42:00
KOMA-USD-SWAP-LIN,-1.5e-05,2025-05-29 02:00:18,2025-05-29 02:09:09
KOMA-USD-SWAP-LIN,-1.8e-05,2025-05-29 03:00:19,2025-05-29 03:31:39
KOMA-USD-SWAP-LIN,-1.1e-05,2025-05-29 04:00:18,2025-05-29 04:45:20
KTA-USD-SWAP-LIN,0.000263,2025-05-29 02:00:21,2025-05-29 02:11:51
KTA-USD-SWAP-LIN,0.000257,2025-05-29 03:00:22,2025-05-29 03:34:21
KTA-USD-SWAP-LIN,0.000255,2025-05-29 04:00:21,2025-05-29 04:48:03
LABUBU-USD-SWAP-LIN,5.4e-05,2025-05-29 02:00:23,2025-05-29 02:14:00
LABUBU-USD-SWAP-LIN,-4.4e-05,2025-05-29 03:00:25,2025-05-29 03:36:31
LABUBU-USD-SWAP-LIN,4.4e-05,2025-05-29 04:00:24,2025-05-29 04:50:14
LAUNCHCOIN-USD-SWAP-LIN,-4.2e-05,2025-05-29 02:00:23,2025-05-29 02:13:49
LAUNCHCOIN-USD-SWAP-LIN,-0.000308,2025-05-29 03:00:25,2025-05-29 03:36:20
LAUNCHCOIN-USD-SWAP-LIN,-0.000603,2025-05-29 04:00:23,2025-05-29 04:50:03
LAYER-USD-SWAP-LIN,-3.2e-05,2025-05-29 02:00:20,2025-05-29 02:11:00
LAYER-USD-SWAP-LIN,-2.4e-05,2025-05-29 03:00:21,2025-05-29 03:33:31
LAYER-USD-SWAP-LIN,-3.4e-05,2025-05-29 04:00:20,2025-05-29 04:47:13
LDO-USD-SWAP-LIN,-2.2e-05,2025-05-29 01:00:05,2025-05-29 01:55:35
LDO-USD-SWAP-LIN,-2.4e-05,2025-05-29 03:00:05,2025-05-29 03:18:07
LDO-USD-SWAP-LIN,-1.1e-05,2025-05-29 04:00:05,2025-05-29 04:31:48
LINK-USD-SWAP-LIN,-1.5e-05,2025-05-29 01:00:04,2025-05-29 01:54:08
LINK-USD-SWAP-LIN,-1e-05,2025-05-29 03:00:04,2025-05-29 03:16:41
LINK-USD-SWAP-LIN,-7e-06,2025-05-29 04:00:04,2025-05-29 04:30:22
LLJEFFY-USD-SWAP-LIN,5.1e-05,2025-05-29 02:00:23,2025-05-29 02:13:24
LLJEFFY-USD-SWAP-LIN,4.2e-05,2025-05-29 03:00:24,2025-05-29 03:35:54
LLJEFFY-USD-SWAP-LIN,4.2e-05,2025-05-29 04:00:23,2025-05-29 04:49:37
LMT-USD-SWAP-LIN,0.000137,2025-05-29 02:00:18,2025-05-29 02:09:28
LMT-USD-SWAP-LIN,0.000138,2025-05-29 03:00:19,2025-05-29 03:31:57
LMT-USD-SWAP-LIN,0.000131,2025-05-29 04:00:18,2025-05-29 04:45:38
LOFI-USD-SWAP-LIN,-0.000369,2025-05-29 02:00:19,2025-05-29 02:10:18
LOFI-USD-SWAP-LIN,-0.00035,2025-05-29 03:00:20,2025-05-29 03:32:47
LOFI-USD-SWAP-LIN,-0.000338,2025-05-29 04:00:19,2025-05-29 04:46:29
LTC-USD-SWAP-LIN,-1.7e-05,2025-05-29 01:00:03,2025-05-29 01:53:46
LTC-USD-SWAP-LIN,-7e-06,2025-05-29 03:00:04,2025-05-29 03:16:19
LTC-USD-SWAP-LIN,-4e-06,2025-05-29 04:00:03,2025-05-29 04:30:00
LUCE-USD-SWAP-LIN,3e-05,2025-05-29 02:00:13,2025-05-29 02:03:58
LUCE-USD-SWAP-LIN,2.3e-05,2025-05-29 03:00:14,2025-05-29 03:26:29
LUCE-USD-SWAP-LIN,2e-05,2025-05-29 04:00:13,2025-05-29 04:40:08
LUMIA-USD-SWAP-LIN,4.6e-05,2025-05-29 02:00:14,2025-05-29 02:05:14
LUMIA-USD-SWAP-LIN,4.6e-05,2025-05-29 03:00:15,2025-05-29 03:27:44
LUMIA-USD-SWAP-LIN,4.7e-05,2025-05-29 04:00:14,2025-05-29 04:41:24
LUNA-USD-SWAP-LIN,1e-06,2025-05-29 01:00:05,2025-05-29 01:55:42
LUNA-USD-SWAP-LIN,-1e-06,2025-05-29 03:00:05,2025-05-29 03:18:14
LUNA-USD-SWAP-LIN,1e-06,2025-05-29 04:00:05,2025-05-29 04:31:54
LUNAVIRTUALS-USD-SWAP-LIN,5.7e-05,2025-05-29 02:00:13,2025-05-29 02:04:05
LUNAVIRTUALS-USD-SWAP-LIN,6.3e-05,2025-05-29 03:00:14,2025-05-29 03:26:36
LUNAVIRTUALS-USD-SWAP-LIN,7e-05,2025-05-29 04:00:13,2025-05-29 04:40:15
LetsBONK-USD-SWAP-LIN,2e-05,2025-05-29 02:00:22,2025-05-29 02:13:03
LetsBONK-USD-SWAP-LIN,1.3e-05,2025-05-29 03:00:24,2025-05-29 03:35:33
LetsBONK-USD-SWAP-LIN,1.4e-05,2025-05-29 04:00:22,2025-05-29 04:49:16
MANEKI-USD-SWAP-LIN,-2.7e-05,2025-05-29 01:00:08,2025-05-29 01:58:29
MANEKI-USD-SWAP-LIN,1e-05,2025-05-29 03:00:10,2025-05-29 03:21:02
MANEKI-USD-SWAP-LIN,8e-06,2025-05-29 04:00:08,2025-05-29 04:34:42
MANTA-USD-SWAP-LIN,-5.9e-05,2025-05-29 01:00:04,2025-05-29 01:54:36
MANTA-USD-SWAP-LIN,-2.7e-05,2025-05-29 03:00:04,2025-05-29 03:17:09
MANTA-USD-SWAP-LIN,-4e-06,2025-05-29 04:00:04,2025-05-29 04:30:50
MAV-USD-SWAP-LIN,5e-06,2025-05-29 02:00:14,2025-05-29 02:04:41
MAV-USD-SWAP-LIN,-5e-06,2025-05-29 03:00:15,2025-05-29 03:27:12
MAV-USD-SWAP-LIN,5e-06,2025-05-29 04:00:14,2025-05-29 04:40:51
ME-USD-SWAP-LIN,0.0,2025-05-29 02:00:17,2025-05-29 02:07:57
ME-USD-SWAP-LIN,0.0,2025-05-29 03:00:18,2025-05-29 03:30:26
ME-USD-SWAP-LIN,2e-06,2025-05-29 04:00:17,2025-05-29 04:44:07
MELANIA-USD-SWAP-LIN,1e-05,2025-05-29 02:00:18,2025-05-29 02:09:59
MELANIA-USD-SWAP-LIN,1.1e-05,2025-05-29 03:00:20,2025-05-29 03:32:29
MELANIA-USD-SWAP-LIN,1.2e-05,2025-05-29 04:00:18,2025-05-29 04:46:11
MEME-USD-SWAP-LIN,-3.5e-05,2025-05-29 01:00:08,2025-05-29 01:57:45
MEME-USD-SWAP-LIN,-2.9e-05,2025-05-29 03:00:09,2025-05-29 03:20:18
MEME-USD-SWAP-LIN,-2.2e-05,2025-05-29 04:00:08,2025-05-29 04:33:58
MERL-USD-SWAP-LIN,-1e-06,2025-05-29 02:00:16,2025-05-29 02:07:28
MERL-USD-SWAP-LIN,1e-06,2025-05-29 03:00:17,2025-05-29 03:29:57
MERL-USD-SWAP-LIN,2e-06,2025-05-29 04:00:16,2025-05-29 04:43:38
MEW-USD-SWAP-LIN,1e-06,2025-05-29 01:00:08,2025-05-29 01:57:38
MEW-USD-SWAP-LIN,-1e-06,2025-05-29 03:00:09,2025-05-29 03:20:11
MEW-USD-SWAP-LIN,3e-06,2025-05-29 04:00:08,2025-05-29 04:33:51
MICHI-USD-SWAP-LIN,0.000197,2025-05-29 01:00:09,2025-05-29 01:59:56
MICHI-USD-SWAP-LIN,0.00018,2025-05-29 03:00:11,2025-05-29 03:22:29
MICHI-USD-SWAP-LIN,0.000187,2025-05-29 04:00:09,2025-05-29 04:36:08
MIGGLES-USD-SWAP-LIN,0.000256,2025-05-29 02:00:11,2025-05-29 02:01:01
MIGGLES-USD-SWAP-LIN,0.000263,2025-05-29 03:00:12,2025-05-29 03:23:34
MIGGLES-USD-SWAP-LIN,0.000255,2025-05-29 04:00:11,2025-05-29 04:37:12
MIRAI-USD-SWAP-LIN,-4.2e-05,2025-05-29 02:00:23,2025-05-29 02:13:53
MIRAI-USD-SWAP-LIN,-9.7e-05,2025-05-29 03:00:25,2025-05-29 03:36:24
MIRAI-USD-SWAP-LIN,8e-06,2025-05-29 04:00:24,2025-05-29 04:50:07
MITCH-USD-SWAP-LIN,-1e-06,2025-05-29 02:00:14,2025-05-29 02:04:20
MITCH-USD-SWAP-LIN,-5e-06,2025-05-29 03:00:15,2025-05-29 03:26:50
MITCH-USD-SWAP-LIN,-1e-06,2025-05-29 04:00:13,2025-05-29 04:40:29
MKR-USD-SWAP-LIN,-2.3e-05,2025-05-29 01:00:05,2025-05-29 01:55:31
MKR-USD-SWAP-LIN,-2.4e-05,2025-05-29 03:00:05,2025-05-29 03:18:03
MKR-USD-SWAP-LIN,-1.7e-05,2025-05-29 04:00:05,2025-05-29 04:31:44
MONKY-USD-SWAP-LIN,2.2e-05,2025-05-29 02:00:17,2025-05-29 02:08:19
MONKY-USD-SWAP-LIN,-1.5e-05,2025-05-29 03:00:18,2025-05-29 03:30:48
MONKY-USD-SWAP-LIN,-9e-06,2025-05-29 04:00:17,2025-05-29 04:44:29
MOODENG-USD-SWAP-LIN,-2.6e-05,2025-05-29 02:00:12,2025-05-29 02:02:45
MOODENG-USD-SWAP-LIN,-2.6e-05,2025-05-29 03:00:13,2025-05-29 03:25:18
MOODENG-USD-SWAP-LIN,-2.6e-05,2025-05-29 04:00:12,2025-05-29 04:38:57
MOODENGETH-USD-SWAP-LIN,4e-06,2025-05-29 02:00:17,2025-05-29 02:08:37
MOODENGETH-USD-SWAP-LIN,1e-05,2025-05-29 03:00:18,2025-05-29 03:31:06
MOODENGETH-USD-SWAP-LIN,-3e-06,2025-05-29 04:00:17,2025-05-29 04:44:47
MOONKIN-USD-SWAP-LIN,0.00012,2025-05-29 02:00:22,2025-05-29 02:12:52
MOONKIN-USD-SWAP-LIN,9.3e-05,2025-05-29 03:00:24,2025-05-29 03:35:22
MOONKIN-USD-SWAP-LIN,8.6e-05,2025-05-29 04:00:22,2025-05-29 04:49:05
MOONPIG-USD-SWAP-LIN,-0.000281,2025-05-29 02:00:23,2025-05-29 02:13:35
MOONPIG-USD-SWAP-LIN,-0.000222,2025-05-29 03:00:24,2025-05-29 03:36:06
MOONPIG-USD-SWAP-LIN,-0.00029,2025-05-29 04:00:23,2025-05-29 04:49:49
MOVE-USD-SWAP-LIN,-1.6e-05,2025-05-29 02:00:16,2025-05-29 02:07:40
MOVE-USD-SWAP-LIN,-1.4e-05,2025-05-29 03:00:18,2025-05-29 03:30:08
MOVE-USD-SWAP-LIN,-1.2e-05,2025-05-29 04:00:16,2025-05-29 04:43:49
MUBARAK-USD-SWAP-LIN,1.9e-05,2025-05-29 02:00:20,2025-05-29 02:11:43
MUBARAK-USD-SWAP-LIN,2e-05,2025-05-29 03:00:22,2025-05-29 03:34:14
MUBARAK-USD-SWAP-LIN,2.2e-05,2025-05-29 04:00:21,2025-05-29 04:47:56
MURAD-USD-SWAP-LIN,3e-06,2025-05-29 02:00:14,2025-05-29 02:04:52
MURAD-USD-SWAP-LIN,0.0,2025-05-29 03:00:15,2025-05-29 03:27:22
MURAD-USD-SWAP-LIN,4e-06,2025-05-29 04:00:14,2025-05-29 04:41:03
MYRO-USD-SWAP-LIN,1e-05,2025-05-29 02:00:10,2025-05-29 02:00:38
MYRO-USD-SWAP-LIN,3e-06,2025-05-29 03:00:12,2025-05-29 03:23:12
MYRO-USD-SWAP-LIN,1e-05,2025-05-29 04:00:11,2025-05-29 04:36:51
NEAR-USD-SWAP-LIN,-5e-06,2025-05-29 01:00:07,2025-05-29 01:57:13
NEAR-USD-SWAP-LIN,-3e-06,2025-05-29 03:00:08,2025-05-29 03:19:46
NEAR-USD-SWAP-LIN,0.0,2025-05-29 04:00:07,2025-05-29 04:33:26
NEIROETH-USD-SWAP-LIN,4.1e-05,2025-05-29 02:00:11,2025-05-29 02:01:27
NEIROETH-USD-SWAP-LIN,-3.1e-05,2025-05-29 03:00:12,2025-05-29 03:23:59
NEIROETH-USD-SWAP-LIN,-8e-05,2025-05-29 04:00:11,2025-05-29 04:37:37
NIL-USD-SWAP-LIN,-1.9e-05,2025-05-29 02:00:21,2025-05-29 02:12:02
NIL-USD-SWAP-LIN,-6e-06,2025-05-29 03:00:22,2025-05-29 03:34:32
NIL-USD-SWAP-LIN,-1.5e-05,2025-05-29 04:00:21,2025-05-29 04:48:14
NOT-USD-SWAP-LIN,-4e-05,2025-05-29 02:00:10,2025-05-29 02:00:17
NOT-USD-SWAP-LIN,-3.6e-05,2025-05-29 03:00:11,2025-05-29 03:22:50
NOT-USD-SWAP-LIN,-3.6e-05,2025-05-29 04:00:10,2025-05-29 04:36:29
NPC-USD-SWAP-LIN,0.0,2025-05-29 02:00:10,2025-05-29 02:00:28
NPC-USD-SWAP-LIN,0.0,2025-05-29 03:00:11,2025-05-29 03:23:01
NPC-USD-SWAP-LIN,2e-06,2025-05-29 04:00:10,2025-05-29 04:36:40
OKB-USD-SWAP-LIN,7e-06,2025-05-29 01:00:08,2025-05-29 01:57:56
OKB-USD-SWAP-LIN,3e-06,2025-05-29 03:00:09,2025-05-29 03:20:29
OKB-USD-SWAP-LIN,3e-06,2025-05-29 04:00:08,2025-05-29 04:34:09
OM-USD-SWAP-LIN,-1.2e-05,2025-05-29 01:00:08,2025-05-29 01:58:39
OM-USD-SWAP-LIN,-7e-06,2025-05-29 03:00:10,2025-05-29 03:21:13
OM-USD-SWAP-LIN,-1e-06,2025-05-29 04:00:08,2025-05-29 04:34:53
ONDO-USD-SWAP-LIN,5e-06,2025-05-29 01:00:07,2025-05-29 01:56:50
ONDO-USD-SWAP-LIN,5e-06,2025-05-29 03:00:08,2025-05-29 03:19:23
ONDO-USD-SWAP-LIN,1e-05,2025-05-29 04:00:07,2025-05-29 04:33:04
OP-USD-SWAP-LIN,-1e-05,2025-05-29 01:00:03,2025-05-29 01:53:50
OP-USD-SWAP-LIN,-1.7e-05,2025-05-29 03:00:04,2025-05-29 03:16:23
OP-USD-SWAP-LIN,-6e-06,2025-05-29 04:00:03,2025-05-29 04:30:04
ORA-USD-SWAP-LIN,-1.4e-05,2025-05-29 02:00:24,2025-05-29 02:14:07
ORA-USD-SWAP-LIN,-2e-05,2025-05-29 03:00:26,2025-05-29 03:36:38
ORA-USD-SWAP-LIN,-2.8e-05,2025-05-29 04:00:24,2025-05-29 04:50:21
ORCA-USD-SWAP-LIN,-3.2e-05,2025-05-29 02:00:17,2025-05-29 02:07:54
ORCA-USD-SWAP-LIN,-2.8e-05,2025-05-29 03:00:18,2025-05-29 03:30:23
ORCA-USD-SWAP-LIN,-2.4e-05,2025-05-29 04:00:17,2025-05-29 04:44:04
ORDER-USD-SWAP-LIN,1e-06,2025-05-29 02:00:11,2025-05-29 02:02:02
ORDER-USD-SWAP-LIN,3e-06,2025-05-29 03:00:13,2025-05-29 03:24:34
ORDER-USD-SWAP-LIN,4e-06,2025-05-29 04:00:12,2025-05-29 04:38:14
ORDI-USD-SWAP-LIN,-2e-05,2025-05-29 01:00:04,2025-05-29 01:54:14
ORDI-USD-SWAP-LIN,-1.1e-05,2025-05-29 03:00:04,2025-05-29 03:16:48
ORDI-USD-SWAP-LIN,-1.2e-05,2025-05-29 04:00:04,2025-05-29 04:30:29
OX-USD-SWAP-LIN,0.001,2025-05-29 01:00:00,2025-05-29 01:53:18
OX-USD-SWAP-LIN,0.001,2025-05-29 03:00:00,2025-05-29 03:15:51
OX-USD-SWAP-LIN,0.001,2025-05-29 04:00:00,2025-05-29 04:29:32
PAAL-USD-SWAP-LIN,1.9e-05,2025-05-29 01:00:09,2025-05-29 01:59:16
PAAL-USD-SWAP-LIN,1.6e-05,2025-05-29 03:00:10,2025-05-29 03:21:50
PAAL-USD-SWAP-LIN,1.5e-05,2025-05-29 04:00:09,2025-05-29 04:35:28
PANGBOY-USD-SWAP-LIN,5e-06,2025-05-29 02:00:14,2025-05-29 02:05:28
PANGBOY-USD-SWAP-LIN,-3e-06,2025-05-29 03:00:15,2025-05-29 03:27:58
PANGBOY-USD-SWAP-LIN,2e-06,2025-05-29 04:00:14,2025-05-29 04:41:39
PAXG-USD-SWAP-LIN,-3e-06,2025-05-29 01:00:09,2025-05-29 01:59:08
PAXG-USD-SWAP-LIN,-4e-06,2025-05-29 03:00:10,2025-05-29 03:21:42
PAXG-USD-SWAP-LIN,5e-06,2025-05-29 04:00:09,2025-05-29 04:35:21
PEAS-USD-SWAP-LIN,5e-06,2025-05-29 02:00:16,2025-05-29 02:07:18
PEAS-USD-SWAP-LIN,2e-06,2025-05-29 03:00:17,2025-05-29 03:29:47
PEAS-USD-SWAP-LIN,0.0,2025-05-29 04:00:16,2025-05-29 04:43:27
PENDLE-USD-SWAP-LIN,-2.3e-05,2025-05-29 01:00:05,2025-05-29 01:55:24
PENDLE-USD-SWAP-LIN,-1.1e-05,2025-05-29 03:00:05,2025-05-29 03:17:56
PENDLE-USD-SWAP-LIN,-4e-06,2025-05-29 04:00:05,2025-05-29 04:31:36
PENGU-USD-SWAP-LIN,-1.6e-05,2025-05-29 02:00:17,2025-05-29 02:08:23
PENGU-USD-SWAP-LIN,-1.5e-05,2025-05-29 03:00:18,2025-05-29 03:30:51
PENGU-USD-SWAP-LIN,-1.9e-05,2025-05-29 04:00:17,2025-05-29 04:44:33
PEOPLE-USD-SWAP-LIN,-2.4e-05,2025-05-29 02:00:10,2025-05-29 02:00:24
PEOPLE-USD-SWAP-LIN,-1.9e-05,2025-05-29 03:00:11,2025-05-29 03:22:58
PEOPLE-USD-SWAP-LIN,-1.2e-05,2025-05-29 04:00:10,2025-05-29 04:36:37
PEPECOIN-USD-SWAP-LIN,-3e-06,2025-05-29 01:00:09,2025-05-29 01:59:30
PEPECOIN-USD-SWAP-LIN,-2e-06,2025-05-29 03:00:10,2025-05-29 03:22:04
PEPECOIN-USD-SWAP-LIN,0.0,2025-05-29 04:00:09,2025-05-29 04:35:43
PEPU-USD-SWAP-LIN,-2.3e-05,2025-05-29 02:00:18,2025-05-29 02:09:49
PEPU-USD-SWAP-LIN,-5.2e-05,2025-05-29 03:00:20,2025-05-29 03:32:18
PEPU-USD-SWAP-LIN,4e-06,2025-05-29 04:00:18,2025-05-29 04:46:00
PHA-USD-SWAP-LIN,-3.9e-05,2025-05-29 02:00:18,2025-05-29 02:09:02
PHA-USD-SWAP-LIN,-2.7e-05,2025-05-29 03:00:19,2025-05-29 03:31:32
PHA-USD-SWAP-LIN,-3.3e-05,2025-05-29 04:00:18,2025-05-29 04:45:12
PIPPIN-USD-SWAP-LIN,3.1e-05,2025-05-29 02:00:14,2025-05-29 02:05:32
PIPPIN-USD-SWAP-LIN,2.4e-05,2025-05-29 03:00:15,2025-05-29 03:28:02
PIPPIN-USD-SWAP-LIN,3e-05,2025-05-29 04:00:14,2025-05-29 04:41:42
PIXEL-USD-SWAP-LIN,-1.1e-05,2025-05-29 01:00:05,2025-05-29 01:56:11
PIXEL-USD-SWAP-LIN,-9e-06,2025-05-29 03:00:06,2025-05-29 03:18:44
PIXEL-USD-SWAP-LIN,-1.2e-05,2025-05-29 04:00:05,2025-05-29 04:32:24
PLUME-USD-SWAP-LIN,3e-06,2025-05-29 02:00:19,2025-05-29 02:10:32
PLUME-USD-SWAP-LIN,3e-06,2025-05-29 03:00:20,2025-05-29 03:33:02
PLUME-USD-SWAP-LIN,3e-06,2025-05-29 04:00:19,2025-05-29 04:46:44
PNUT-USD-SWAP-LIN,4.4e-05,2025-05-29 02:00:14,2025-05-29 02:04:27
PNUT-USD-SWAP-LIN,7.2e-05,2025-05-29 03:00:15,2025-05-29 03:26:57
PNUT-USD-SWAP-LIN,4.7e-05,2025-05-29 04:00:13,2025-05-29 04:40:37
POL-USD-SWAP-LIN,-1.3e-05,2025-05-29 02:00:12,2025-05-29 02:02:16
POL-USD-SWAP-LIN,-1.4e-05,2025-05-29 03:00:13,2025-05-29 03:24:49
POL-USD-SWAP-LIN,-8e-06,2025-05-29 04:00:12,2025-05-29 04:38:28
PONKE-USD-SWAP-LIN,6e-06,2025-05-29 01:00:09,2025-05-29 01:59:23
PONKE-USD-SWAP-LIN,2e-06,2025-05-29 03:00:10,2025-05-29 03:21:57
PONKE-USD-SWAP-LIN,6e-06,2025-05-29 04:00:09,2025-05-29 04:35:36
POPCAT-USD-SWAP-LIN,0.0,2025-05-29 01:00:08,2025-05-29 01:57:41
POPCAT-USD-SWAP-LIN,-1e-06,2025-05-29 03:00:09,2025-05-29 03:20:15
POPCAT-USD-SWAP-LIN,0.0,2025-05-29 04:00:08,2025-05-29 04:33:55
PROMPT-USD-SWAP-LIN,1e-06,2025-05-29 02:00:21,2025-05-29 02:12:27
PROMPT-USD-SWAP-LIN,0.0,2025-05-29 03:00:23,2025-05-29 03:34:57
PROMPT-USD-SWAP-LIN,2e-06,2025-05-29 04:00:22,2025-05-29 04:48:39
PUMPFUN-USD-SWAP-LIN,-1e-06,2025-05-29 02:00:14,2025-05-29 02:04:56
PUMPFUN-USD-SWAP-LIN,-6e-06,2025-05-29 03:00:15,2025-05-29 03:27:26
PUMPFUN-USD-SWAP-LIN,3e-06,2025-05-29 04:00:14,2025-05-29 04:41:06
PURPE-USD-SWAP-LIN,-0.000106,2025-05-29 02:00:15,2025-05-29 02:06:20
PURPE-USD-SWAP-LIN,-0.000113,2025-05-29 03:00:16,2025-05-29 03:28:49
PURPE-USD-SWAP-LIN,-0.000101,2025-05-29 04:00:15,2025-05-29 04:42:29
PURR-USD-SWAP-LIN,4.7e-05,2025-05-29 01:00:09,2025-05-29 01:59:52
PURR-USD-SWAP-LIN,3.3e-05,2025-05-29 03:00:11,2025-05-29 03:22:26
PURR-USD-SWAP-LIN,3.7e-05,2025-05-29 04:00:09,2025-05-29 04:36:04
PWEASE-USD-SWAP-LIN,0.000147,2025-05-29 02:00:20,2025-05-29 02:11:26
PWEASE-USD-SWAP-LIN,0.000179,2025-05-29 03:00:21,2025-05-29 03:33:56
PWEASE-USD-SWAP-LIN,0.000166,2025-05-29 04:00:20,2025-05-29 04:47:38
PYTH-USD-SWAP-LIN,3.4e-05,2025-05-29 01:00:04,2025-05-29 01:54:22
PYTH-USD-SWAP-LIN,2.3e-05,2025-05-29 03:00:04,2025-05-29 03:16:55
PYTH-USD-SWAP-LIN,2.4e-05,2025-05-29 04:00:04,2025-05-29 04:30:36
QNT-USD-SWAP-LIN,0.000135,2025-05-29 01:00:08,2025-05-29 01:58:00
QNT-USD-SWAP-LIN,0.000136,2025-05-29 03:00:09,2025-05-29 03:20:33
QNT-USD-SWAP-LIN,0.000129,2025-05-29 04:00:08,2025-05-29 04:34:12
RAI-USD-SWAP-LIN,1.3e-05,2025-05-29 02:00:17,2025-05-29 02:08:48
RAI-USD-SWAP-LIN,-2e-06,2025-05-29 03:00:18,2025-05-29 03:31:17
RAI-USD-SWAP-LIN,7e-06,2025-05-29 04:00:17,2025-05-29 04:44:58
RARE-USD-SWAP-LIN,-7e-06,2025-05-29 02:00:20,2025-05-29 02:11:36
RARE-USD-SWAP-LIN,-1.1e-05,2025-05-29 03:00:22,2025-05-29 03:34:07
RARE-USD-SWAP-LIN,-1e-05,2025-05-29 04:00:20,2025-05-29 04:47:49
RATS-USD-SWAP-LIN,3.4e-05,2025-05-29 02:00:16,2025-05-29 02:07:25
RATS-USD-SWAP-LIN,3.5e-05,2025-05-29 03:00:17,2025-05-29 03:29:54
RATS-USD-SWAP-LIN,3.1e-05,2025-05-29 04:00:16,2025-05-29 04:43:34
RAY-USD-SWAP-LIN,2e-06,2025-05-29 01:00:09,2025-05-29 01:59:12
RAY-USD-SWAP-LIN,3e-06,2025-05-29 03:00:10,2025-05-29 03:21:46
RAY-USD-SWAP-LIN,4e-06,2025-05-29 04:00:09,2025-05-29 04:35:25
RDNT-USD-SWAP-LIN,-2.3e-05,2025-05-29 02:00:13,2025-05-29 02:03:33
RDNT-USD-SWAP-LIN,-3.2e-05,2025-05-29 03:00:14,2025-05-29 03:26:04
RDNT-USD-SWAP-LIN,-2.5e-05,2025-05-29 04:00:12,2025-05-29 04:39:43
REI-USD-SWAP-LIN,1e-06,2025-05-29 02:00:15,2025-05-29 02:06:09
REI-USD-SWAP-LIN,-6e-06,2025-05-29 03:00:16,2025-05-29 03:28:38
REI-USD-SWAP-LIN,-4e-06,2025-05-29 04:00:15,2025-05-29 04:42:18
RENDER-USD-SWAP-LIN,-2.3e-05,2025-05-29 02:00:12,2025-05-29 02:03:18
RENDER-USD-SWAP-LIN,-2e-05,2025-05-29 03:00:13,2025-05-29 03:25:50
RENDER-USD-SWAP-LIN,-1.2e-05,2025-05-29 04:00:12,2025-05-29 04:39:28
RETARDIO-USD-SWAP-LIN,0.000117,2025-05-29 01:00:07,2025-05-29 01:57:09
RETARDIO-USD-SWAP-LIN,0.000255,2025-05-29 03:00:08,2025-05-29 03:19:42
RETARDIO-USD-SWAP-LIN,0.000243,2025-05-29 04:00:07,2025-05-29 04:33:22
RFC-USD-SWAP-LIN,-1.7e-05,2025-05-29 02:00:21,2025-05-29 02:12:19
RFC-USD-SWAP-LIN,-6e-06,2025-05-29 03:00:23,2025-05-29 03:34:50
RFC-USD-SWAP-LIN,6e-06,2025-05-29 04:00:21,2025-05-29 04:48:32
RLB-USD-SWAP-LIN,-1e-06,2025-05-29 01:00:04,2025-05-29 01:54:47
RLB-USD-SWAP-LIN,-1e-06,2025-05-29 03:00:05,2025-05-29 03:17:20
RLB-USD-SWAP-LIN,1e-06,2025-05-29 04:00:04,2025-05-29 04:31:01
RON-USD-SWAP-LIN,-2.5e-05,2025-05-29 01:00:05,2025-05-29 01:56:18
RON-USD-SWAP-LIN,-1.9e-05,2025-05-29 03:00:06,2025-05-29 03:18:51
RON-USD-SWAP-LIN,-1.4e-05,2025-05-29 04:00:05,2025-05-29 04:32:31
RUNE-USD-SWAP-LIN,0.0,2025-05-29 01:00:07,2025-05-29 01:56:40
RUNE-USD-SWAP-LIN,-2e-06,2025-05-29 03:00:08,2025-05-29 03:19:13
RUNE-USD-SWAP-LIN,4e-06,2025-05-29 04:00:07,2025-05-29 04:32:53
SAGA-USD-SWAP-LIN,-2.6e-05,2025-05-29 02:00:12,2025-05-29 02:03:22
SAGA-USD-SWAP-LIN,-2e-05,2025-05-29 03:00:13,2025-05-29 03:25:53
SAGA-USD-SWAP-LIN,-2.4e-05,2025-05-29 04:00:12,2025-05-29 04:39:32
SAND-USD-SWAP-LIN,-1.5e-05,2025-05-29 01:00:08,2025-05-29 01:58:21
SAND-USD-SWAP-LIN,-7e-06,2025-05-29 03:00:10,2025-05-29 03:20:55
SAND-USD-SWAP-LIN,-4e-06,2025-05-29 04:00:08,2025-05-29 04:34:35
SCR-USD-SWAP-LIN,-1.4e-05,2025-05-29 02:00:14,2025-05-29 02:04:23
SCR-USD-SWAP-LIN,-2e-05,2025-05-29 03:00:15,2025-05-29 03:26:54
SCR-USD-SWAP-LIN,-1.4e-05,2025-05-29 04:00:13,2025-05-29 04:40:33
SDEX-USD-SWAP-LIN,-6e-06,2025-05-29 02:00:22,2025-05-29 02:13:10
SDEX-USD-SWAP-LIN,-2e-06,2025-05-29 03:00:24,2025-05-29 03:35:40
SDEX-USD-SWAP-LIN,-1e-06,2025-05-29 04:00:23,2025-05-29 04:49:23
SEI-USD-SWAP-LIN,-3e-06,2025-05-29 01:00:03,2025-05-29 01:54:01
SEI-USD-SWAP-LIN,1e-06,2025-05-29 03:00:04,2025-05-29 03:16:34
SEI-USD-SWAP-LIN,3e-06,2025-05-29 04:00:04,2025-05-29 04:30:15
SEND-USD-SWAP-LIN,3e-06,2025-05-29 02:00:17,2025-05-29 02:08:12
SEND-USD-SWAP-LIN,-5e-06,2025-05-29 03:00:18,2025-05-29 03:30:41
SEND-USD-SWAP-LIN,-9e-06,2025-05-29 04:00:17,2025-05-29 04:44:22
SHFL-USD-SWAP-LIN,5e-06,2025-05-29 02:00:16,2025-05-29 02:07:14
SHFL-USD-SWAP-LIN,7e-06,2025-05-29 03:00:17,2025-05-29 03:29:43
SHFL-USD-SWAP-LIN,3e-06,2025-05-29 04:00:16,2025-05-29 04:43:23
SHIRO-USD-SWAP-LIN,0.000186,2025-05-29 02:00:16,2025-05-29 02:07:21
SHIRO-USD-SWAP-LIN,0.000197,2025-05-29 03:00:17,2025-05-29 03:29:50
SHIRO-USD-SWAP-LIN,0.00018,2025-05-29 04:00:16,2025-05-29 04:43:31
SIGMA-USD-SWAP-LIN,-5e-06,2025-05-29 02:00:11,2025-05-29 02:00:53
SIGMA-USD-SWAP-LIN,1e-06,2025-05-29 03:00:12,2025-05-29 03:23:26
SIGMA-USD-SWAP-LIN,0.0,2025-05-29 04:00:11,2025-05-29 04:37:06
SIREN-USD-SWAP-LIN,3.3e-05,2025-05-29 02:00:21,2025-05-29 02:11:55
SIREN-USD-SWAP-LIN,3e-05,2025-05-29 03:00:22,2025-05-29 03:34:25
SIREN-USD-SWAP-LIN,3e-05,2025-05-29 04:00:21,2025-05-29 04:48:07
SKI-USD-SWAP-LIN,1.6e-05,2025-05-29 02:00:16,2025-05-29 02:06:34
SKI-USD-SWAP-LIN,1.1e-05,2025-05-29 03:00:17,2025-05-29 03:29:03
SKI-USD-SWAP-LIN,1.4e-05,2025-05-29 04:00:16,2025-05-29 04:42:43
SLERF-USD-SWAP-LIN,2e-06,2025-05-29 01:00:09,2025-05-29 01:59:48
SLERF-USD-SWAP-LIN,-2e-06,2025-05-29 03:00:11,2025-05-29 03:22:22
SLERF-USD-SWAP-LIN,2e-06,2025-05-29 04:00:09,2025-05-29 04:36:01
SLF-USD-SWAP-LIN,0.0,2025-05-29 02:00:12,2025-05-29 02:02:09
SLF-USD-SWAP-LIN,0.0,2025-05-29 03:00:13,2025-05-29 03:24:42
SLF-USD-SWAP-LIN,1e-06,2025-05-29 04:00:12,2025-05-29 04:38:21
SLP-USD-SWAP-LIN,1e-06,2025-05-29 02:00:19,2025-05-29 02:10:46
SLP-USD-SWAP-LIN,4e-06,2025-05-29 03:00:21,2025-05-29 03:33:16
SLP-USD-SWAP-LIN,0.0,2025-05-29 04:00:19,2025-05-29 04:46:59
SNAI-USD-SWAP-LIN,3.2e-05,2025-05-29 02:00:17,2025-05-29 02:08:51
SNAI-USD-SWAP-LIN,1.9e-05,2025-05-29 03:00:18,2025-05-29 03:31:21
SNAI-USD-SWAP-LIN,2.4e-05,2025-05-29 04:00:17,2025-05-29 04:45:02
SNEK-USD-SWAP-LIN,0.0,2025-05-29 02:00:19,2025-05-29 02:10:53
SNEK-USD-SWAP-LIN,1e-06,2025-05-29 03:00:21,2025-05-29 03:33:23
SNEK-USD-SWAP-LIN,-1e-06,2025-05-29 04:00:19,2025-05-29 04:47:06
SOL-USD-SWAP-LIN,-2e-05,2025-05-29 01:00:02,2025-05-29 01:53:32
SOL-USD-SWAP-LIN,-1.3e-05,2025-05-29 03:00:02,2025-05-29 03:16:05
SOL-USD-SWAP-LIN,-6e-06,2025-05-29 04:00:02,2025-05-29 04:29:46
SONIC-USD-SWAP-LIN,1e-06,2025-05-29 02:00:18,2025-05-29 02:09:45
SONIC-USD-SWAP-LIN,-1e-06,2025-05-29 03:00:20,2025-05-29 03:32:15
SONIC-USD-SWAP-LIN,2e-06,2025-05-29 04:00:18,2025-05-29 04:45:56
SPX-USD-SWAP-LIN,2e-06,2025-05-29 01:00:07,2025-05-29 01:57:24
SPX-USD-SWAP-LIN,-8e-06,2025-05-29 03:00:08,2025-05-29 03:19:57
SPX-USD-SWAP-LIN,1.5e-05,2025-05-29 04:00:07,2025-05-29 04:33:36
STONKSSOL-USD-SWAP-LIN,2e-06,2025-05-29 02:00:19,2025-05-29 02:10:39
STONKSSOL-USD-SWAP-LIN,7e-06,2025-05-29 03:00:21,2025-05-29 03:33:09
STONKSSOL-USD-SWAP-LIN,5e-06,2025-05-29 04:00:19,2025-05-29 04:46:51
STRK-USD-SWAP-LIN,3e-06,2025-05-29 01:00:05,2025-05-29 01:56:04
STRK-USD-SWAP-LIN,-1.2e-05,2025-05-29 03:00:06,2025-05-29 03:18:36
STRK-USD-SWAP-LIN,0.0,2025-05-29 04:00:05,2025-05-29 04:32:16
STX-USD-SWAP-LIN,-2.3e-05,2025-05-29 02:00:12,2025-05-29 02:03:11
STX-USD-SWAP-LIN,-2.2e-05,2025-05-29 03:00:13,2025-05-29 03:25:42
STX-USD-SWAP-LIN,-2.4e-05,2025-05-29 04:00:12,2025-05-29 04:39:21
SUI-USD-SWAP-LIN,-1.2e-05,2025-05-29 01:00:04,2025-05-29 01:54:18
SUI-USD-SWAP-LIN,-1e-05,2025-05-29 03:00:04,2025-05-29 03:16:51
SUI-USD-SWAP-LIN,-4e-06,2025-05-29 04:00:04,2025-05-29 04:30:32
SUN-USD-SWAP-LIN,-7e-06,2025-05-29 02:00:11,2025-05-29 02:01:52
SUN-USD-SWAP-LIN,-6e-06,2025-05-29 03:00:13,2025-05-29 03:24:24
SUN-USD-SWAP-LIN,1e-06,2025-05-29 04:00:11,2025-05-29 04:38:02
SUNDOG-USD-SWAP-LIN,2e-06,2025-05-29 02:00:11,2025-05-29 02:01:49
SUNDOG-USD-SWAP-LIN,3e-06,2025-05-29 03:00:12,2025-05-29 03:24:21
SUNDOG-USD-SWAP-LIN,1e-06,2025-05-29 04:00:11,2025-05-29 04:37:59
SWARMS-USD-SWAP-LIN,9e-06,2025-05-29 02:00:18,2025-05-29 02:09:06
SWARMS-USD-SWAP-LIN,5e-06,2025-05-29 03:00:19,2025-05-29 03:31:35
SWARMS-USD-SWAP-LIN,1.1e-05,2025-05-29 04:00:18,2025-05-29 04:45:16
SXP-USD-SWAP-LIN,1e-06,2025-05-29 02:00:14,2025-05-29 02:04:38
SXP-USD-SWAP-LIN,0.0,2025-05-29 03:00:15,2025-05-29 03:27:08
SXP-USD-SWAP-LIN,0.0,2025-05-29 04:00:14,2025-05-29 04:40:48
TAO-USD-SWAP-LIN,-2e-05,2025-05-29 01:00:04,2025-05-29 01:55:17
TAO-USD-SWAP-LIN,-1.2e-05,2025-05-29 03:00:05,2025-05-29 03:17:49
TAO-USD-SWAP-LIN,-7e-06,2025-05-29 04:00:05,2025-05-29 04:31:29
THE-USD-SWAP-LIN,-3.7e-05,2025-05-29 02:00:16,2025-05-29 02:07:11
THE-USD-SWAP-LIN,-4.1e-05,2025-05-29 03:00:17,2025-05-29 03:29:39
THE-USD-SWAP-LIN,-2.7e-05,2025-05-29 04:00:16,2025-05-29 04:43:20
TIA-USD-SWAP-LIN,1e-06,2025-05-29 01:00:03,2025-05-29 01:53:57
TIA-USD-SWAP-LIN,3e-06,2025-05-29 03:00:04,2025-05-29 03:16:30
TIA-USD-SWAP-LIN,0.0,2025-05-29 04:00:04,2025-05-29 04:30:11
TIGER-USD-SWAP-LIN,1e-05,2025-05-29 02:00:14,2025-05-29 02:05:21
TIGER-USD-SWAP-LIN,3e-06,2025-05-29 03:00:15,2025-05-29 03:27:51
TIGER-USD-SWAP-LIN,1.4e-05,2025-05-29 04:00:14,2025-05-29 04:41:31
TITCOIN-USD-SWAP-LIN,-0.000361,2025-05-29 02:00:21,2025-05-29 02:12:12
TITCOIN-USD-SWAP-LIN,-0.00034,2025-05-29 03:00:22,2025-05-29 03:34:43
TITCOIN-USD-SWAP-LIN,-0.00011,2025-05-29 04:00:21,2025-05-29 04:48:25
TON-USD-SWAP-LIN,-1e-06,2025-05-29 01:00:07,2025-05-29 01:56:54
TON-USD-SWAP-LIN,0.0,2025-05-29 03:00:08,2025-05-29 03:19:27
TON-USD-SWAP-LIN,0.0,2025-05-29 04:00:07,2025-05-29 04:33:07
TORN-USD-SWAP-LIN,1.1e-05,2025-05-29 02:00:15,2025-05-29 02:06:23
TORN-USD-SWAP-LIN,-5e-06,2025-05-29 03:00:16,2025-05-29 03:28:52
TORN-USD-SWAP-LIN,1e-06,2025-05-29 04:00:15,2025-05-29 04:42:32
TRENCHER-USD-SWAP-LIN,8.3e-05,2025-05-29 02:00:22,2025-05-29 02:12:59
TRENCHER-USD-SWAP-LIN,9e-05,2025-05-29 03:00:24,2025-05-29 03:35:29
TRENCHER-USD-SWAP-LIN,0.000107,2025-05-29 04:00:22,2025-05-29 04:49:12
TROLL-USD-SWAP-LIN,0.000582,2025-05-29 02:00:22,2025-05-29 02:12:48
TROLL-USD-SWAP-LIN,0.00053,2025-05-29 03:00:23,2025-05-29 03:35:18
TROLL-USD-SWAP-LIN,0.000627,2025-05-29 04:00:22,2025-05-29 04:49:01
TRUMP-USD-SWAP-LIN,-2.9e-05,2025-05-29 01:00:05,2025-05-29 01:56:21
TRUMP-USD-SWAP-LIN,-2.1e-05,2025-05-29 03:00:06,2025-05-29 03:18:55
TRUMP-USD-SWAP-LIN,9e-06,2025-05-29 04:00:05,2025-05-29 04:32:35
TRUMPSOL-USD-SWAP-LIN,-4e-06,2025-05-29 02:00:24,2025-05-29 02:14:22
TRUMPSOL-USD-SWAP-LIN,-3e-06,2025-05-29 03:00:26,2025-05-29 03:36:53
TRUMPSOL-USD-SWAP-LIN,-3e-06,2025-05-29 04:00:24,2025-05-29 04:50:36
TRX-USD-SWAP-LIN,-2.4e-05,2025-05-29 01:00:09,2025-05-29 01:58:57
TRX-USD-SWAP-LIN,-2.4e-05,2025-05-29 03:00:10,2025-05-29 03:21:31
TRX-USD-SWAP-LIN,-2.1e-05,2025-05-29 04:00:09,2025-05-29 04:35:11
TST-USD-SWAP-LIN,3.1e-05,2025-05-29 02:00:19,2025-05-29 02:10:50
TST-USD-SWAP-LIN,3.7e-05,2025-05-29 03:00:21,2025-05-29 03:33:20
TST-USD-SWAP-LIN,2.9e-05,2025-05-29 04:00:19,2025-05-29 04:47:02
TURBO-USD-SWAP-LIN,3e-06,2025-05-29 01:00:10,2025-05-29 02:00:06
TURBO-USD-SWAP-LIN,3e-06,2025-05-29 03:00:11,2025-05-29 03:22:40
TURBO-USD-SWAP-LIN,6e-06,2025-05-29 04:00:09,2025-05-29 04:36:19
TUT-USD-SWAP-LIN,2.9e-05,2025-05-29 02:00:20,2025-05-29 02:11:47
TUT-USD-SWAP-LIN,3e-05,2025-05-29 03:00:22,2025-05-29 03:34:18
TUT-USD-SWAP-LIN,3.5e-05,2025-05-29 04:00:21,2025-05-29 04:47:59
UFD-USD-SWAP-LIN,-1.4e-05,2025-05-29 02:00:17,2025-05-29 02:08:30
UFD-USD-SWAP-LIN,-9e-06,2025-05-29 03:00:18,2025-05-29 03:30:59
UFD-USD-SWAP-LIN,-1.5e-05,2025-05-29 04:00:17,2025-05-29 04:44:40
UNI-USD-SWAP-LIN,-4e-06,2025-05-29 01:00:07,2025-05-29 01:56:43
UNI-USD-SWAP-LIN,4e-06,2025-05-29 03:00:08,2025-05-29 03:19:16
UNI-USD-SWAP-LIN,-1e-06,2025-05-29 04:00:07,2025-05-29 04:32:57
USDT-USD-SWAP-LIN,0.0,2025-05-29 01:00:04,2025-05-29 01:54:54
USDT-USD-SWAP-LIN,0.0,2025-05-29 03:00:05,2025-05-29 03:17:27
USDT-USD-SWAP-LIN,0.0,2025-05-29 04:00:04,2025-05-29 04:31:08
USELESS-USD-SWAP-LIN,0.000574,2025-05-29 02:00:23,2025-05-29 02:13:42
USELESS-USD-SWAP-LIN,0.00042,2025-05-29 03:00:25,2025-05-29 03:36:13
USELESS-USD-SWAP-LIN,3.2e-05,2025-05-29 04:00:23,2025-05-29 04:49:56
USUAL-USD-SWAP-LIN,-3e-05,2025-05-29 02:00:17,2025-05-29 02:08:08
USUAL-USD-SWAP-LIN,-3.5e-05,2025-05-29 03:00:18,2025-05-29 03:30:37
USUAL-USD-SWAP-LIN,-3e-05,2025-05-29 04:00:17,2025-05-29 04:44:18
VINE-USD-SWAP-LIN,2.3e-05,2025-05-29 02:00:19,2025-05-29 02:10:03
VINE-USD-SWAP-LIN,2.2e-05,2025-05-29 03:00:20,2025-05-29 03:32:33
VINE-USD-SWAP-LIN,2.4e-05,2025-05-29 04:00:18,2025-05-29 04:46:15
VIRTUAL-USD-SWAP-LIN,5e-06,2025-05-29 02:00:13,2025-05-29 02:04:02
VIRTUAL-USD-SWAP-LIN,3e-06,2025-05-29 03:00:14,2025-05-29 03:26:33
VIRTUAL-USD-SWAP-LIN,5e-06,2025-05-29 04:00:13,2025-05-29 04:40:11
VIRTUALECO-USD-SWAP-LIN,4e-06,2025-05-29 02:00:18,2025-05-29 02:09:16
VIRTUALECO-USD-SWAP-LIN,4e-06,2025-05-29 03:00:19,2025-05-29 03:31:46
VIRTUALECO-USD-SWAP-LIN,5e-06,2025-05-29 04:00:18,2025-05-29 04:45:27
VVV-USD-SWAP-LIN,0.0,2025-05-29 02:00:19,2025-05-29 02:10:10
VVV-USD-SWAP-LIN,1e-06,2025-05-29 03:00:20,2025-05-29 03:32:40
VVV-USD-SWAP-LIN,-1e-06,2025-05-29 04:00:19,2025-05-29 04:46:22
W-USD-SWAP-LIN,-1.4e-05,2025-05-29 01:00:08,2025-05-29 01:58:07
W-USD-SWAP-LIN,-2.3e-05,2025-05-29 03:00:09,2025-05-29 03:20:40
W-USD-SWAP-LIN,-1.2e-05,2025-05-29 04:00:08,2025-05-29 04:34:20
WAL-USD-SWAP-LIN,0.0,2025-05-29 02:00:21,2025-05-29 02:12:16
WAL-USD-SWAP-LIN,1e-06,2025-05-29 03:00:23,2025-05-29 03:34:46
WAL-USD-SWAP-LIN,1e-06,2025-05-29 04:00:21,2025-05-29 04:48:28
WHITE-USD-SWAP-LIN,0.0,2025-05-29 02:00:20,2025-05-29 02:11:22
WHITE-USD-SWAP-LIN,-5e-06,2025-05-29 03:00:21,2025-05-29 03:33:52
WHITE-USD-SWAP-LIN,1e-06,2025-05-29 04:00:20,2025-05-29 04:47:35
WIF-USD-SWAP-LIN,-7e-06,2025-05-29 01:00:06,2025-05-29 01:56:36
WIF-USD-SWAP-LIN,-1e-06,2025-05-29 03:00:07,2025-05-29 03:19:09
WIF-USD-SWAP-LIN,-4e-06,2025-05-29 04:00:06,2025-05-29 04:32:49
WLD-USD-SWAP-LIN,-5e-06,2025-05-29 01:00:05,2025-05-29 01:55:21
WLD-USD-SWAP-LIN,-1.1e-05,2025-05-29 03:00:05,2025-05-29 03:17:53
WLD-USD-SWAP-LIN,-7e-06,2025-05-29 04:00:05,2025-05-29 04:31:33
WOJAK-USD-SWAP-LIN,-2.1e-05,2025-05-29 01:00:07,2025-05-29 01:57:20
WOJAK-USD-SWAP-LIN,-1.4e-05,2025-05-29 03:00:08,2025-05-29 03:19:53
WOJAK-USD-SWAP-LIN,-9e-06,2025-05-29 04:00:07,2025-05-29 04:33:33
WOLFETH-USD-SWAP-LIN,-0.000103,2025-05-29 02:00:17,2025-05-29 02:07:47
WOLFETH-USD-SWAP-LIN,-6e-05,2025-05-29 03:00:18,2025-05-29 03:30:15
WOLFETH-USD-SWAP-LIN,-4.6e-05,2025-05-29 04:00:16,2025-05-29 04:43:57
WOO-USD-SWAP-LIN,-3.7e-05,2025-05-29 01:00:08,2025-05-29 01:58:43
WOO-USD-SWAP-LIN,-3.7e-05,2025-05-29 03:00:10,2025-05-29 03:21:17
WOO-USD-SWAP-LIN,-2.8e-05,2025-05-29 04:00:08,2025-05-29 04:34:56
WOULD-USD-SWAP-LIN,-2.3e-05,2025-05-29 02:00:18,2025-05-29 02:09:52
WOULD-USD-SWAP-LIN,-1.3e-05,2025-05-29 03:00:20,2025-05-29 03:32:22
WOULD-USD-SWAP-LIN,1e-06,2025-05-29 04:00:18,2025-05-29 04:46:04
XAI-USD-SWAP-LIN,-2e-05,2025-05-29 01:00:04,2025-05-29 01:54:51
XAI-USD-SWAP-LIN,-2.2e-05,2025-05-29 03:00:05,2025-05-29 03:17:24
XAI-USD-SWAP-LIN,-2.5e-05,2025-05-29 04:00:04,2025-05-29 04:31:05
XDC-USD-SWAP-LIN,4e-06,2025-05-29 02:00:18,2025-05-29 02:09:24
XDC-USD-SWAP-LIN,5e-06,2025-05-29 03:00:19,2025-05-29 03:31:53
XDC-USD-SWAP-LIN,-3e-06,2025-05-29 04:00:18,2025-05-29 04:45:34
XLM-USD-SWAP-LIN,-2e-06,2025-05-29 02:00:15,2025-05-29 02:06:01
XLM-USD-SWAP-LIN,-9e-06,2025-05-29 03:00:16,2025-05-29 03:28:31
XLM-USD-SWAP-LIN,-4e-06,2025-05-29 04:00:15,2025-05-29 04:42:11
XMR-USD-SWAP-LIN,4e-06,2025-05-29 01:00:05,2025-05-29 01:55:53
XMR-USD-SWAP-LIN,4e-06,2025-05-29 03:00:06,2025-05-29 03:18:25
XMR-USD-SWAP-LIN,8e-06,2025-05-29 04:00:05,2025-05-29 04:32:05
XRP-USD-SWAP-LIN,5e-06,2025-05-29 01:00:03,2025-05-29 01:53:36
XRP-USD-SWAP-LIN,1e-05,2025-05-29 03:00:03,2025-05-29 03:16:08
XRP-USD-SWAP-LIN,8e-06,2025-05-29 04:00:03,2025-05-29 04:29:49
XTZ-USD-SWAP-LIN,3e-06,2025-05-29 02:00:16,2025-05-29 02:06:56
XTZ-USD-SWAP-LIN,0.0,2025-05-29 03:00:17,2025-05-29 03:29:25
XTZ-USD-SWAP-LIN,2e-06,2025-05-29 04:00:16,2025-05-29 04:43:05
XYO-USD-SWAP-LIN,-1e-06,2025-05-29 02:00:14,2025-05-29 02:04:59
XYO-USD-SWAP-LIN,-1e-06,2025-05-29 03:00:15,2025-05-29 03:27:29
XYO-USD-SWAP-LIN,-2e-06,2025-05-29 04:00:14,2025-05-29 04:41:10
YNE-USD-SWAP-LIN,-6e-06,2025-05-29 02:00:17,2025-05-29 02:08:34
YNE-USD-SWAP-LIN,-1e-05,2025-05-29 03:00:18,2025-05-29 03:31:02
YNE-USD-SWAP-LIN,-1.8e-05,2025-05-29 04:00:17,2025-05-29 04:44:43
ZEC-USD-SWAP-LIN,-1e-06,2025-05-29 02:00:11,2025-05-29 02:01:41
ZEC-USD-SWAP-LIN,0.0,2025-05-29 03:00:12,2025-05-29 03:24:14
ZEC-USD-SWAP-LIN,2e-06,2025-05-29 04:00:11,2025-05-29 04:37:51
ZENT-USD-SWAP-LIN,1e-06,2025-05-29 02:00:18,2025-05-29 02:09:35
ZENT-USD-SWAP-LIN,-4e-06,2025-05-29 03:00:19,2025-05-29 03:32:04
ZENT-USD-SWAP-LIN,0.0,2025-05-29 04:00:18,2025-05-29 04:45:45
ZEREBRO-USD-SWAP-LIN,3.1e-05,2025-05-29 02:00:14,2025-05-29 02:05:18
ZEREBRO-USD-SWAP-LIN,2.4e-05,2025-05-29 03:00:15,2025-05-29 03:27:47
ZEREBRO-USD-SWAP-LIN,3.3e-05,2025-05-29 04:00:14,2025-05-29 04:41:28
ZETA-USD-SWAP-LIN,-1e-06,2025-05-29 01:00:04,2025-05-29 01:55:13
ZETA-USD-SWAP-LIN,-2e-06,2025-05-29 03:00:05,2025-05-29 03:17:45
ZETA-USD-SWAP-LIN,0.0,2025-05-29 04:00:05,2025-05-29 04:31:25
ZEUS-USD-SWAP-LIN,2.3e-05,2025-05-29 02:00:15,2025-05-29 02:05:39
ZEUS-USD-SWAP-LIN,2.2e-05,2025-05-29 03:00:16,2025-05-29 03:28:09
ZEUS-USD-SWAP-LIN,2.2e-05,2025-05-29 04:00:14,2025-05-29 04:41:50
ZEUS1-USD-SWAP-LIN,9e-06,2025-05-29 02:00:24,2025-05-29 02:14:12
ZEUS1-USD-SWAP-LIN,-6e-06,2025-05-29 03:00:26,2025-05-29 03:36:42
ZEUS1-USD-SWAP-LIN,-7e-06,2025-05-29 04:00:24,2025-05-29 04:50:25
ZK-USD-SWAP-LIN,-1.7e-05,2025-05-29 02:00:11,2025-05-29 02:00:42
ZK-USD-SWAP-LIN,-1.8e-05,2025-05-29 03:00:12,2025-05-29 03:23:16
ZK-USD-SWAP-LIN,-1.3e-05,2025-05-29 04:00:11,2025-05-29 04:36:55
ZORA-USD-SWAP-LIN,-1.2e-05,2025-05-29 02:00:22,2025-05-29 02:12:55
ZORA-USD-SWAP-LIN,-8e-06,2025-05-29 03:00:24,2025-05-29 03:35:25
ZORA-USD-SWAP-LIN,8e-06,2025-05-29 04:00:22,2025-05-29 04:49:08
ZRO-USD-SWAP-LIN,-2.9e-05,2025-05-29 02:00:11,2025-05-29 02:00:46
ZRO-USD-SWAP-LIN,-3.1e-05,2025-05-29 03:00:12,2025-05-29 03:23:19
ZRO-USD-SWAP-LIN,-3e-05,2025-05-29 04:00:11,2025-05-29 04:36:58
gork-USD-SWAP-LIN,2.9e-05,2025-05-29 02:00:22,2025-05-29 02:13:06
gork-USD-SWAP-LIN,2.2e-05,2025-05-29 03:00:24,2025-05-29 03:35:36
gork-USD-SWAP-LIN,2.1e-05,2025-05-29 04:00:22,2025-05-29 04:49:19
neet-USD-SWAP-LIN,0.000238,2025-05-29 02:00:22,2025-05-29 02:13:17
neet-USD-SWAP-LIN,0.000245,2025-05-29 03:00:24,2025-05-29 03:35:47
neet-USD-SWAP-LIN,0.000252,2025-05-29 04:00:23,2025-05-29 04:49:30
wQUIL-USD-SWAP-LIN,3e-06,2025-05-29 02:00:12,2025-05-29 02:02:31
wQUIL-USD-SWAP-LIN,3e-06,2025-05-29 03:00:13,2025-05-29 03:25:03
wQUIL-USD-SWAP-LIN,2e-06,2025-05-29 04:00:12,2025-05-29 04:38:42
